date,minutes_to_reclaim,regime,hold_ok,vwap_ok,reclaim_strength_ok,trade_taken,outcome,entry_time,exit_time,entry_px,exit_px,target_px,stop_px,atr14,pnl_return,pnl_r
2025-01-02,10.0,FAST,True,True,True,True,stop,2025-01-02 09:45:00-05:00,2025-01-02 09:45:00-05:00,588.54,587.6175,590.23125,587.6175,1.5375000000000227,-0.0015674380670812752,-1.0
2025-01-03,5.0,FAST,False,True,False,False,no_trade,2025-01-03 15:05:00-05:00,,,,,,0.38452142857143407,0.0,0.0
2025-01-06,220.0,TREND,False,False,True,False,no_trade,2025-01-06 15:55:00-05:00,,,,,,0.7124714285714292,0.0,0.0
2025-01-07,55.0,NEUTRAL,False,False,False,False,no_trade,2025-01-07 10:55:00-05:00,,,,,,1.3556785714285817,0.0,0.0
2025-01-08,30.0,FAST,False,True,True,False,no_trade,2025-01-08 10:00:00-05:00,,,,,,1.3267571428571208,0.0,0.0
2025-01-10,180.0,TREND,True,False,True,False,no_trade,2025-01-10 12:30:00-05:00,,,,,,0.8426857142857297,0.0,0.0
2025-01-13,65.0,TREND,False,True,True,False,no_trade,2025-01-13 10:35:00-05:00,,,,,,1.1390285714285824,0.0,0.0
2025-01-14,5.0,FAST,False,False,True,False,no_trade,2025-01-14 10:40:00-05:00,,,,,,1.1089999999999887,0.0,0.0
2025-01-15,30.0,FAST,True,False,True,False,no_trade,2025-01-15 12:00:00-05:00,,,,,,0.7557999999999977,0.0,0.0
2025-01-16,40.0,NEUTRAL,False,True,False,False,no_trade,2025-01-16 10:20:00-05:00,,,,,,0.9472727272727132,0.0,0.0
2025-01-17,40.0,NEUTRAL,False,True,True,False,no_trade,2025-01-17 14:20:00-05:00,,,,,,0.3682999999999928,0.0,0.0
2025-01-21,5.0,FAST,True,False,True,False,no_trade,2025-01-21 10:15:00-05:00,,,,,,1.1279300000000034,0.0,0.0
2025-01-22,5.0,FAST,False,True,True,False,no_trade,2025-01-22 13:05:00-05:00,,,,,,0.23372857142857129,0.0,0.0
2025-01-23,70.0,TREND,True,True,True,False,no_trade,2025-01-23 10:40:00-05:00,,,,,,0.34285000000000665,0.0,0.0
2025-01-24,5.0,FAST,False,False,True,False,no_trade,2025-01-24 10:30:00-05:00,,,,,,0.4553846153846122,0.0,0.0
2025-01-27,175.0,TREND,True,False,True,False,no_trade,2025-01-27 12:25:00-05:00,,,,,,0.906428571428559,0.0,0.0
2025-01-28,5.0,FAST,True,False,True,False,no_trade,2025-01-28 09:50:00-05:00,,,,,,1.2247600000000376,0.0,0.0
2025-01-29,35.0,NEUTRAL,False,True,False,False,no_trade,2025-01-29 10:05:00-05:00,,,,,,0.731362500000003,0.0,0.0
2025-01-30,10.0,FAST,False,False,True,False,no_trade,2025-01-30 10:35:00-05:00,,,,,,1.0069428571428685,0.0,0.0
2025-01-31,15.0,FAST,False,True,False,False,no_trade,2025-01-31 12:10:00-05:00,,,,,,0.40719285714288844,0.0,0.0
2025-02-03,55.0,NEUTRAL,True,True,True,False,no_trade,2025-02-03 10:25:00-05:00,,,,,,1.649575000000027,0.0,0.0
2025-02-04,20.0,FAST,True,True,True,True,stop,2025-02-04 09:50:00-05:00,2025-02-04 09:50:00-05:00,598.97,598.5284,599.7796,598.5284,0.7359999999999672,-0.0007372656393475366,-1.0000000000000309
2025-02-05,55.0,NEUTRAL,True,True,True,False,no_trade,2025-02-05 10:25:00-05:00,,,,,,0.837600000000009,0.0,0.0
2025-02-06,15.0,FAST,False,False,False,False,no_trade,2025-02-06 10:50:00-05:00,,,,,,0.5840499999999987,0.0,0.0
2025-02-07,165.0,TREND,False,False,True,False,no_trade,2025-02-07 12:45:00-05:00,,,,,,1.051478571428577,0.0,0.0
2025-02-10,5.0,FAST,False,True,True,False,no_trade,2025-02-10 11:35:00-05:00,,,,,,0.38327142857143925,0.0,0.0
2025-02-11,55.0,NEUTRAL,True,True,True,False,no_trade,2025-02-11 10:25:00-05:00,,,,,,0.5474916666666729,0.0,0.0
2025-02-12,65.0,TREND,False,True,True,False,no_trade,2025-02-12 10:35:00-05:00,,,,,,1.0217071428571347,0.0,0.0
2025-02-13,10.0,FAST,False,True,True,False,no_trade,2025-02-13 12:00:00-05:00,,,,,,0.43169285714286126,0.0,0.0
2025-02-14,40.0,NEUTRAL,False,True,True,False,no_trade,2025-02-14 11:55:00-05:00,,,,,,0.4252357142857071,0.0,0.0
2025-02-18,15.0,FAST,False,False,False,False,no_trade,2025-02-18 10:10:00-05:00,,,,,,0.6102999999999889,0.0,0.0
2025-02-19,15.0,FAST,False,True,True,False,no_trade,2025-02-19 09:50:00-05:00,,,,,,0.4203800000000001,0.0,0.0
2025-02-20,155.0,TREND,True,False,True,False,no_trade,2025-02-20 12:05:00-05:00,,,,,,0.5689071428571424,0.0,0.0
2025-02-21,125.0,TREND,False,False,False,False,no_trade,2025-02-21 11:35:00-05:00,,,,,,0.6816999999999942,0.0,0.0
2025-02-24,90.0,TREND,True,False,True,False,no_trade,2025-02-24 11:15:00-05:00,,,,,,0.8996357142857262,0.0,0.0
2025-02-25,140.0,TREND,True,False,True,False,no_trade,2025-02-25 11:50:00-05:00,,,,,,1.0307142857142904,0.0,0.0
2025-02-26,15.0,FAST,False,True,True,False,no_trade,2025-02-26 12:10:00-05:00,,,,,,0.6785642857142956,0.0,0.0
2025-02-27,20.0,FAST,True,True,False,False,no_trade,2025-02-27 10:10:00-05:00,,,,,,1.5463555555555912,0.0,0.0
2025-02-28,35.0,NEUTRAL,False,True,False,False,no_trade,2025-02-28 10:05:00-05:00,,,,,,1.6878625000000227,0.0,0.0
2025-03-03,5.0,FAST,True,False,True,False,no_trade,2025-03-03 11:00:00-05:00,,,,,,1.5375642857142762,0.0,0.0
2025-03-04,130.0,TREND,True,False,True,False,no_trade,2025-03-04 11:40:00-05:00,,,,,,1.4760000000000153,0.0,0.0
2025-03-05,35.0,NEUTRAL,False,True,False,False,no_trade,2025-03-05 10:05:00-05:00,,,,,,1.8950000000000244,0.0,0.0
2025-03-06,65.0,TREND,False,True,True,False,no_trade,2025-03-06 10:35:00-05:00,,,,,,1.4153499999999894,0.0,0.0
2025-03-07,5.0,FAST,True,True,True,True,stop,2025-03-07 09:40:00-05:00,2025-03-07 09:40:00-05:00,573.825,572.499,576.2560000000001,572.499,2.2100000000000364,-0.002310809044569375,-1.0
2025-03-10,180.0,TREND,False,False,True,False,no_trade,2025-03-10 12:30:00-04:00,,,,,,1.1554428571428406,0.0,0.0
2025-03-11,5.0,FAST,False,True,True,False,no_trade,2025-03-11 09:35:00-04:00,,,,,,2.1100000000000705,0.0,0.0
2025-03-12,10.0,FAST,False,False,True,False,no_trade,2025-03-12 10:05:00-04:00,,,,,,1.8543749999999903,0.0,0.0
2025-03-13,45.0,NEUTRAL,False,True,True,False,no_trade,2025-03-13 10:15:00-04:00,,,,,,1.400859999999966,0.0,0.0
2025-03-14,5.0,FAST,False,True,True,False,no_trade,2025-03-14 12:20:00-04:00,,,,,,0.7096285714285874,0.0,0.0
2025-03-17,20.0,FAST,False,False,False,False,no_trade,2025-03-17 11:10:00-04:00,,,,,,0.9834071428571421,0.0,0.0
2025-03-18,160.0,TREND,False,False,True,False,no_trade,2025-03-18 12:10:00-04:00,,,,,,0.7192642857143028,0.0,0.0
2025-03-19,10.0,FAST,False,False,True,False,no_trade,2025-03-19 11:00:00-04:00,,,,,,0.6319357142857192,0.0,0.0
2025-03-20,30.0,FAST,True,True,True,True,stop,2025-03-20 10:00:00-04:00,2025-03-20 10:00:00-04:00,568.14,567.4183885714285,569.4629542857142,567.4183885714285,1.2026857142857028,-0.001270129595824029,-1.0000000000000584
2025-03-21,85.0,TREND,False,True,True,False,no_trade,2025-03-21 10:55:00-04:00,,,,,,1.001314285714297,0.0,0.0
2025-03-24,5.0,FAST,False,True,True,False,no_trade,2025-03-24 12:30:00-04:00,,,,,,0.43797857142855684,0.0,0.0
2025-03-25,10.0,FAST,False,True,False,False,no_trade,2025-03-25 11:40:00-04:00,,,,,,0.34215000000001183,0.0,0.0
2025-03-26,280.0,TREND,False,False,False,False,no_trade,2025-03-26 14:25:00-04:00,,,,,,0.5866285714285644,0.0,0.0
2025-03-27,20.0,FAST,True,True,True,True,stop,2025-03-27 09:50:00-04:00,2025-03-27 09:50:00-04:00,567.77,567.0368,569.1142,567.0368,1.2220000000000026,-0.0012913679835144702,-1.0000000000000127
2025-03-28,275.0,TREND,False,False,True,False,no_trade,2025-03-28 14:05:00-04:00,,,,,,0.596107142857144,0.0,0.0
2025-03-31,60.0,NEUTRAL,False,True,True,False,no_trade,2025-03-31 10:30:00-04:00,,,,,,1.4269153846153744,0.0,0.0
2025-04-01,15.0,FAST,False,True,True,False,no_trade,2025-04-01 09:45:00-04:00,,,,,,1.51237500000002,0.0,0.0
2025-04-02,15.0,FAST,False,True,True,False,no_trade,2025-04-02 09:45:00-04:00,,,,,,1.5112500000000182,0.0,0.0
2025-04-03,130.0,TREND,False,True,False,False,no_trade,2025-04-03 11:40:00-04:00,,,,,,1.2092928571428436,0.0,0.0
2025-04-04,100.0,TREND,False,True,True,False,no_trade,2025-04-04 11:10:00-04:00,,,,,,2.912242857142851,0.0,0.0
2025-04-07,40.0,NEUTRAL,False,True,True,False,no_trade,2025-04-07 10:10:00-04:00,,,,,,6.490544444444443,0.0,0.0
2025-04-08,5.0,FAST,False,False,False,False,no_trade,2025-04-08 11:00:00-04:00,,,,,,1.8676000000000224,0.0,0.0
2025-04-09,5.0,FAST,False,True,True,False,no_trade,2025-04-09 09:35:00-04:00,,,,,,4.47999999999999,0.0,0.0
2025-04-10,205.0,TREND,False,False,False,False,no_trade,2025-04-10 12:55:00-04:00,,,,,,3.6667785714285634,0.0,0.0
2025-04-11,5.0,FAST,True,True,True,True,stop,2025-04-11 09:35:00-04:00,2025-04-11 09:35:00-04:00,524.6,522.191,529.0165,522.191,4.014999999999986,-0.004592070148684697,-1.0
2025-04-14,5.0,FAST,False,False,False,False,no_trade,2025-04-14 11:15:00-04:00,,,,,,1.3467071428571558,0.0,0.0
2025-04-15,5.0,FAST,True,True,True,True,stop,2025-04-15 09:35:00-04:00,2025-04-15 09:35:00-04:00,541.44,540.3267000000001,543.4810500000001,540.3267000000001,1.8555000000000064,-0.0020561835106382626,-0.9999999999999796
2025-04-16,110.0,TREND,True,True,True,False,no_trade,2025-04-16 11:20:00-04:00,,,,,,0.9860000000000225,0.0,0.0
2025-04-17,45.0,NEUTRAL,True,True,True,False,no_trade,2025-04-17 11:05:00-04:00,,,,,,1.3392857142857142,0.0,0.0
2025-04-21,300.0,TREND,False,False,True,False,no_trade,2025-04-21 14:30:00-04:00,,,,,,0.6821642857142892,0.0,0.0
2025-04-22,60.0,NEUTRAL,True,False,False,False,no_trade,2025-04-22 14:10:00-04:00,,,,,,1.5552857142857144,0.0,0.0
2025-04-23,100.0,TREND,True,False,False,False,no_trade,2025-04-23 12:55:00-04:00,,,,,,8.579357142857143,0.0,0.0
2025-04-24,15.0,FAST,False,True,False,False,no_trade,2025-04-24 15:15:00-04:00,,,,,,0.6056428571428439,0.0,0.0
2025-04-25,20.0,FAST,False,True,True,False,no_trade,2025-04-25 10:05:00-04:00,,,,,,1.5407625000000138,0.0,0.0
2025-04-28,5.0,FAST,True,False,True,False,no_trade,2025-04-28 10:00:00-04:00,,,,,,1.4387285714285716,0.0,0.0
2025-04-29,10.0,FAST,True,True,True,True,stop,2025-04-29 09:40:00-04:00,2025-04-29 09:40:00-04:00,550.255,549.611,551.4356666666666,549.611,1.0733333333333046,-0.001170366466456471,-1.0000000000000353
2025-04-30,90.0,TREND,True,True,True,False,no_trade,2025-04-30 11:00:00-04:00,,,,,,1.3501428571428684,0.0,0.0
2025-05-01,70.0,TREND,True,False,True,False,no_trade,2025-05-01 13:00:00-04:00,,,,,,0.9857142857142988,0.0,0.0
2025-05-02,5.0,FAST,True,True,True,True,stop,2025-05-02 11:30:00-04:00,2025-05-02 11:30:00-04:00,565.41,564.9367028571428,566.2777114285714,564.9367028571428,0.7888285714285692,-0.0008370866147701266,-1.0000000000000755
2025-05-05,70.0,TREND,True,True,True,False,no_trade,2025-05-05 10:40:00-04:00,,,,,,0.9749500000000028,0.0,0.0
2025-05-06,60.0,NEUTRAL,False,True,True,False,no_trade,2025-05-06 10:30:00-04:00,,,,,,1.006200000000009,0.0,0.0
2025-05-07,5.0,FAST,False,True,True,False,no_trade,2025-05-07 09:40:00-04:00,,,,,,1.056633333333366,0.0,0.0
2025-05-08,15.0,FAST,True,True,True,True,stop,2025-05-08 11:05:00-04:00,2025-05-08 11:05:00-04:00,563.72,563.0055071428571,565.0299035714286,563.0055071428571,1.1908214285714231,-0.0012674605427213622,-1.0000000000000455
2025-05-09,35.0,NEUTRAL,False,True,False,False,no_trade,2025-05-09 10:05:00-04:00,,,,,,0.7202250000000276,0.0,0.0
2025-05-12,10.0,FAST,False,True,True,False,no_trade,2025-05-12 15:00:00-04:00,,,,,,0.4903999999999899,0.0,0.0
2025-05-13,5.0,FAST,True,True,True,True,stop,2025-05-13 12:20:00-04:00,2025-05-13 12:20:00-04:00,587.29,586.9855771428571,587.8481085714285,586.9855771428571,0.5073714285714134,-0.0005183518485635164,-1.0000000000000642
2025-05-14,70.0,TREND,False,True,True,False,no_trade,2025-05-14 10:50:00-04:00,,,,,,0.7726785714285549,0.0,0.0
2025-05-15,30.0,FAST,False,True,True,False,no_trade,2025-05-15 10:00:00-04:00,,,,,,0.8889714285714295,0.0,0.0
2025-05-16,20.0,FAST,True,False,True,False,no_trade,2025-05-16 10:50:00-04:00,,,,,,0.7096571428571353,0.0,0.0
2025-05-19,35.0,NEUTRAL,True,True,True,False,no_trade,2025-05-19 10:05:00-04:00,,,,,,0.9801624999999916,0.0,0.0
2025-05-20,65.0,TREND,True,True,True,False,no_trade,2025-05-20 10:35:00-04:00,,,,,,0.7876071428571387,0.0,0.0
2025-05-21,85.0,TREND,True,True,True,False,no_trade,2025-05-21 10:55:00-04:00,,,,,,0.7564500000000051,0.0,0.0
2025-05-22,20.0,FAST,True,True,False,False,no_trade,2025-05-22 09:50:00-04:00,,,,,,1.4160000000000081,0.0,0.0
2025-05-23,120.0,TREND,True,True,True,False,no_trade,2025-05-23 11:30:00-04:00,,,,,,0.869657142857136,0.0,0.0
2025-05-27,10.0,FAST,False,True,True,False,no_trade,2025-05-27 15:05:00-04:00,,,,,,0.33138571428571595,0.0,0.0
2025-05-28,130.0,TREND,False,False,True,False,no_trade,2025-05-28 12:05:00-04:00,,,,,,0.49276428571429115,0.0,0.0
2025-05-29,20.0,FAST,False,False,True,False,no_trade,2025-05-29 10:25:00-04:00,,,,,,1.2018750000000011,0.0,0.0
2025-05-30,35.0,NEUTRAL,True,True,True,False,no_trade,2025-05-30 10:05:00-04:00,,,,,,0.9587499999999949,0.0,0.0
2025-06-02,40.0,NEUTRAL,True,True,True,False,no_trade,2025-06-02 10:25:00-04:00,,,,,,1.2331166666666793,0.0,0.0
2025-06-03,30.0,FAST,True,True,True,True,stop,2025-06-03 14:25:00-04:00,2025-06-03 14:25:00-04:00,596.15,595.8428557142857,596.7130978571429,595.8428557142857,0.5119071428571422,-0.0005152130935406025,-0.9999999999998205
2025-06-04,10.0,FAST,True,False,True,False,no_trade,2025-06-04 10:10:00-04:00,,,,,,0.7639000000000224,0.0,0.0
2025-06-05,50.0,NEUTRAL,False,True,False,False,no_trade,2025-06-05 10:20:00-04:00,,,,,,1.1159090909090887,0.0,0.0
2025-06-06,30.0,FAST,False,False,True,False,no_trade,2025-06-06 11:45:00-04:00,,,,,,0.7351571428571414,0.0,0.0
2025-06-09,15.0,FAST,False,True,True,False,no_trade,2025-06-09 09:45:00-04:00,,,,,,0.737499999999983,0.0,0.0
2025-06-10,20.0,FAST,True,True,True,True,target,2025-06-10 11:50:00-04:00,2025-06-10 12:00:00-04:00,601.13,601.6967828571429,601.6967828571429,600.8208457142857,0.515257142857154,0.0009428623711059595,1.833333333333515
2025-06-11,5.0,FAST,True,True,True,True,stop,2025-06-11 11:10:00-04:00,2025-06-11 11:10:00-04:00,604.26,603.95946,604.81099,603.95946,0.5009000000000015,-0.0004973686823552037,-0.9999999999998487
2025-06-12,15.0,FAST,False,True,False,False,no_trade,2025-06-12 09:45:00-04:00,,,,,,0.8050000000000068,0.0,0.0
2025-06-13,85.0,TREND,True,True,False,False,no_trade,2025-06-13 10:55:00-04:00,,,,,,0.9961142857142947,0.0,0.0
2025-06-16,15.0,FAST,False,True,True,False,no_trade,2025-06-16 12:10:00-04:00,,,,,,0.4324357142857106,0.0,0.0
2025-06-17,40.0,NEUTRAL,False,True,True,False,no_trade,2025-06-17 10:10:00-04:00,,,,,,0.8721222222221994,0.0,0.0
2025-06-18,5.0,FAST,True,True,True,True,stop,2025-06-18 09:35:00-04:00,2025-06-18 09:35:00-04:00,598.105,597.5485,599.12525,597.5485,0.9275000000000091,-0.0009304386353567153,-1.0000000000000409
2025-06-20,105.0,TREND,True,False,True,False,no_trade,2025-06-20 11:30:00-04:00,,,,,,0.8605999999999686,0.0,0.0
2025-06-23,5.0,FAST,True,True,True,True,stop,2025-06-23 09:35:00-04:00,2025-06-23 09:35:00-04:00,595.57,594.604,597.3410000000001,594.604,1.6100000000000136,-0.0016219755864130298,-1.0
2025-06-24,5.0,FAST,True,True,True,True,stop,2025-06-24 13:30:00-04:00,2025-06-24 13:30:00-04:00,606.55,606.34402,606.9276299999999,606.34402,0.343299999999983,-0.00033959277883101823,-0.9999999999998267
2025-06-25,15.0,FAST,False,False,False,False,no_trade,2025-06-25 10:25:00-04:00,,,,,,0.5152916666666746,0.0,0.0
2025-06-26,10.0,FAST,False,True,False,False,no_trade,2025-06-26 14:55:00-04:00,,,,,,0.3074999999999802,0.0,0.0
2025-06-27,5.0,FAST,False,True,True,False,no_trade,2025-06-27 12:50:00-04:00,,,,,,0.27519285714285907,0.0,0.0
2025-06-30,5.0,FAST,True,False,True,False,no_trade,2025-06-30 11:20:00-04:00,,,,,,0.47322857142857594,0.0,0.0
2025-07-01,15.0,FAST,False,True,True,False,no_trade,2025-07-01 09:45:00-04:00,,,,,,0.5912499999999739,0.0,0.0
2025-07-02,30.0,FAST,True,True,True,True,stop,2025-07-02 10:00:00-04:00,2025-07-02 10:00:00-04:00,617.68,617.3684542857143,618.2511671428571,617.3684542857143,0.5192428571428666,-0.000504380446648218,-0.9999999999998437
2025-07-07,315.0,TREND,True,False,False,False,no_trade,2025-07-07 14:45:00-04:00,,,,,,0.6342928571428713,0.0,0.0
2025-07-08,25.0,FAST,True,True,True,True,stop,2025-07-08 10:30:00-04:00,2025-07-08 10:30:00-04:00,621.15,620.7605630769231,621.8639676923076,620.7605630769231,0.6490615384615152,-0.0006269611576542129,-1.0000000000000135
2025-07-09,70.0,TREND,False,False,True,False,no_trade,2025-07-09 11:40:00-04:00,,,,,,0.6231785714285739,0.0,0.0
2025-07-10,25.0,FAST,True,True,True,True,stop,2025-07-10 10:10:00-04:00,2025-07-10 10:25:00-04:00,623.73,623.4271266666667,624.2852677777778,623.4271266666667,0.5047888888888994,-0.0004855840401027838,-0.9999999999999001
2025-07-11,60.0,NEUTRAL,False,True,True,False,no_trade,2025-07-11 10:30:00-04:00,,,,,,0.6029230769230568,0.0,0.0
2025-07-14,50.0,NEUTRAL,False,True,True,False,no_trade,2025-07-14 10:20:00-04:00,,,,,,0.7321909090909251,0.0,0.0
2025-07-15,55.0,NEUTRAL,False,False,False,False,no_trade,2025-07-15 11:20:00-04:00,,,,,,0.6260928571428508,0.0,0.0
2025-07-16,65.0,TREND,False,True,True,False,no_trade,2025-07-16 10:45:00-04:00,,,,,,0.5921357142857379,0.0,0.0
2025-07-17,5.0,FAST,True,False,True,False,no_trade,2025-07-17 10:25:00-04:00,,,,,,0.5777666666666903,0.0,0.0
2025-07-18,80.0,TREND,True,False,True,False,no_trade,2025-07-18 11:30:00-04:00,,,,,,0.4249428571428585,0.0,0.0
2025-07-21,20.0,FAST,False,True,True,False,no_trade,2025-07-21 12:30:00-04:00,,,,,,0.27108571428570777,0.0,0.0
2025-07-22,85.0,TREND,False,True,True,False,no_trade,2025-07-22 10:55:00-04:00,,,,,,0.6491142857142742,0.0,0.0
2025-07-23,5.0,FAST,True,True,True,True,stop,2025-07-23 15:45:00-04:00,2025-07-23 15:45:00-04:00,633.26,633.1300485714286,633.4982442857142,633.1300485714286,0.21658571428569726,-0.00020521022734961425,-0.9999999999999876
2025-07-24,60.0,NEUTRAL,True,True,True,False,no_trade,2025-07-24 13:00:00-04:00,,,,,,0.34000000000000746,0.0,0.0
2025-07-25,10.0,FAST,True,True,True,True,target,2025-07-25 10:10:00-04:00,2025-07-25 10:30:00-04:00,635.305,635.7761666666667,635.7761666666667,635.048,0.42833333333333534,0.0007416385305746126,1.8333333333334711
2025-07-28,55.0,NEUTRAL,False,False,False,False,no_trade,2025-07-28 11:45:00-04:00,,,,,,0.3290928571428497,0.0,0.0
2025-07-29,130.0,TREND,True,False,False,False,no_trade,2025-07-29 12:50:00-04:00,,,,,,0.3932500000000069,0.0,0.0
2025-07-30,50.0,NEUTRAL,True,True,True,False,no_trade,2025-07-30 11:50:00-04:00,,,,,,0.3828571428571276,0.0,0.0
2025-07-31,45.0,NEUTRAL,True,False,True,False,no_trade,2025-07-31 11:35:00-04:00,,,,,,0.7682214285714346,0.0,0.0
2025-08-01,130.0,TREND,True,True,True,False,no_trade,2025-08-01 11:40:00-04:00,,,,,,0.976385714285714,0.0,0.0
2025-08-04,20.0,FAST,False,True,True,False,no_trade,2025-08-04 14:00:00-04:00,,,,,,0.3067785714285784,0.0,0.0
2025-08-05,125.0,TREND,True,False,False,False,no_trade,2025-08-05 12:05:00-04:00,,,,,,0.6485642857142823,0.0,0.0
2025-08-06,5.0,FAST,True,True,True,True,stop,2025-08-06 09:40:00-04:00,2025-08-06 09:40:00-04:00,629.065,628.481,630.1356666666668,628.481,0.9733333333333576,-0.0009283619339814804,-1.000000000000078
2025-08-07,125.0,TREND,False,False,True,False,no_trade,2025-08-07 12:20:00-04:00,,,,,,0.7044071428571377,0.0,0.0
2025-08-08,15.0,FAST,True,True,True,True,stop,2025-08-08 11:50:00-04:00,2025-08-08 11:50:00-04:00,636.02,635.732,636.548,635.732,0.4800000000000182,-0.0004528159491840051,-1.0
2025-08-11,5.0,FAST,False,True,True,False,no_trade,2025-08-11 09:35:00-04:00,,,,,,0.625,0.0,0.0
2025-08-12,5.0,FAST,True,True,True,True,stop,2025-08-12 15:45:00-04:00,2025-08-12 15:45:00-04:00,642.34,642.2087885714286,642.5805542857144,642.2087885714286,0.21868571428573041,-0.0002042709913307886,-0.9999999999998516
2025-08-13,15.0,FAST,False,False,False,False,no_trade,2025-08-13 10:40:00-04:00,,,,,,0.5158071428571377,0.0,0.0
2025-08-14,25.0,FAST,False,True,True,False,no_trade,2025-08-14 09:55:00-04:00,,,,,,0.6833333333333371,0.0,0.0
2025-08-15,90.0,TREND,False,False,True,False,no_trade,2025-08-15 11:15:00-04:00,,,,,,0.4581499999999892,0.0,0.0
2025-08-18,50.0,NEUTRAL,False,True,True,False,no_trade,2025-08-18 10:20:00-04:00,,,,,,0.5695454545454637,0.0,0.0
2025-08-19,20.0,FAST,False,True,False,False,no_trade,2025-08-19 09:50:00-04:00,,,,,,0.84853999999998,0.0,0.0
2025-08-20,105.0,TREND,True,True,True,False,no_trade,2025-08-20 11:15:00-04:00,,,,,,0.7390571428571369,0.0,0.0
2025-08-21,35.0,NEUTRAL,True,True,False,False,no_trade,2025-08-21 10:05:00-04:00,,,,,,1.177500000000009,0.0,0.0
2025-08-22,5.0,FAST,False,True,True,False,no_trade,2025-08-22 12:30:00-04:00,,,,,,0.5050000000000117,0.0,0.0
2025-08-25,75.0,TREND,False,True,False,False,no_trade,2025-08-25 10:45:00-04:00,,,,,,0.4827428571428446,0.0,0.0
2025-08-26,50.0,NEUTRAL,False,True,True,False,no_trade,2025-08-26 10:20:00-04:00,,,,,,0.646809090909063,0.0,0.0
2025-08-27,30.0,FAST,True,True,True,True,stop,2025-08-27 12:45:00-04:00,2025-08-27 12:45:00-04:00,646.2489,646.0510714285715,646.6115857142858,646.0510714285715,0.3297142857142928,-0.0003061182331274294,-0.9999999999998441
2025-08-28,55.0,NEUTRAL,True,True,True,False,no_trade,2025-08-28 10:40:00-04:00,,,,,,0.6710785714285521,0.0,0.0
2025-08-29,160.0,TREND,False,False,True,False,no_trade,2025-08-29 12:10:00-04:00,,,,,,0.4481214285714178,0.0,0.0
2025-09-02,200.0,TREND,True,False,True,False,no_trade,2025-09-02 12:50:00-04:00,,,,,,0.48891428571429124,0.0,0.0
2025-09-03,50.0,NEUTRAL,False,False,False,False,no_trade,2025-09-03 12:15:00-04:00,,,,,,0.5192928571428459,0.0,0.0
2025-09-04,5.0,FAST,True,True,True,True,stop,2025-09-04 13:00:00-04:00,2025-09-04 13:00:00-04:00,646.51,646.3025768714285,646.8902757357143,646.3025768714285,0.34570521428573137,-0.00032083514341845165,-1.0000000000001175
2025-09-05,85.0,TREND,False,False,False,False,no_trade,2025-09-05 11:35:00-04:00,,,,,,1.0568071428571346,0.0,0.0
2025-09-08,5.0,FAST,False,True,True,False,no_trade,2025-09-08 11:50:00-04:00,,,,,,0.3741499999999779,0.0,0.0
2025-09-09,20.0,FAST,False,False,False,False,no_trade,2025-09-09 10:50:00-04:00,,,,,,0.6329071428571476,0.0,0.0
2025-09-10,30.0,FAST,True,False,True,False,no_trade,2025-09-10 11:35:00-04:00,,,,,,0.4571285714285653,0.0,0.0
2025-09-11,5.0,FAST,False,True,True,False,no_trade,2025-09-11 12:55:00-04:00,,,,,,0.2961857142857249,0.0,0.0
2025-09-12,25.0,FAST,False,True,True,False,no_trade,2025-09-12 09:55:00-04:00,,,,,,0.4096666666666806,0.0,0.0
2025-09-15,55.0,NEUTRAL,True,False,True,False,no_trade,2025-09-15 13:40:00-04:00,,,,,,0.28735000000000355,0.0,0.0
2025-09-16,30.0,FAST,False,False,True,False,no_trade,2025-09-16 10:20:00-04:00,,,,,,0.4984454545454727,0.0,0.0
2025-09-17,15.0,FAST,False,True,False,False,no_trade,2025-09-17 09:50:00-04:00,,,,,,0.5380000000000109,0.0,0.0
2025-09-18,20.0,FAST,True,True,True,True,stop,2025-09-18 12:10:00-04:00,2025-09-18 12:10:00-04:00,663.08,662.7189371428572,663.7419485714286,662.7189371428572,0.6017714285714371,-0.0005445238238868361,-1.0000000000000584
2025-09-19,20.0,FAST,False,True,False,False,no_trade,2025-09-19 09:50:00-04:00,,,,,,0.6886199999999689,0.0,0.0
2025-09-22,20.0,FAST,True,True,True,True,stop,2025-09-22 09:50:00-04:00,2025-09-22 09:50:00-04:00,663.455,663.1364,664.0391000000001,663.1364,0.5310000000000172,-0.0004802134281903978,-1.0000000000001572
2025-09-23,10.0,FAST,False,True,True,False,no_trade,2025-09-23 10:05:00-04:00,,,,,,0.4924874999999673,0.0,0.0
2025-09-24,15.0,FAST,False,False,True,False,no_trade,2025-09-24 10:00:00-04:00,,,,,,0.6393142857143143,0.0,0.0
2025-09-25,45.0,NEUTRAL,True,True,False,False,no_trade,2025-09-25 10:15:00-04:00,,,,,,1.0495000000000005,0.0,0.0
2025-09-26,15.0,FAST,False,False,True,False,no_trade,2025-09-26 10:35:00-04:00,,,,,,1.0542642857142905,0.0,0.0
2025-09-29,60.0,NEUTRAL,False,False,True,False,no_trade,2025-09-29 12:10:00-04:00,,,,,,0.4539499999999878,0.0,0.0
2025-09-30,10.0,FAST,False,True,False,False,no_trade,2025-09-30 09:40:00-04:00,,,,,,0.6681333333333441,0.0,0.0
2025-10-01,5.0,FAST,False,True,True,False,no_trade,2025-10-01 09:35:00-04:00,,,,,,1.30499999999995,0.0,0.0
2025-10-02,30.0,FAST,False,False,False,False,no_trade,2025-10-02 10:35:00-04:00,,,,,,0.635785714285711,0.0,0.0
2025-10-03,80.0,TREND,False,False,False,False,no_trade,2025-10-03 14:20:00-04:00,,,,,,0.755985714285714,0.0,0.0
2025-10-06,15.0,FAST,True,False,True,False,no_trade,2025-10-06 10:10:00-04:00,,,,,,0.660622222222249,0.0,0.0
2025-10-07,150.0,TREND,False,False,True,False,no_trade,2025-10-07 12:30:00-04:00,,,,,,0.7635714285714406,0.0,0.0
2025-10-08,10.0,FAST,True,True,True,True,stop,2025-10-08 12:55:00-04:00,2025-10-08 12:55:00-04:00,672.715,672.56245,672.994675,672.56245,0.2542500000000051,-0.00022676765049094977,-1.0000000000001064
2025-10-09,5.0,FAST,False,False,False,False,no_trade,2025-10-09 09:45:00-04:00,,,,,,0.651250000000033,0.0,0.0
2025-10-10,205.0,TREND,False,False,False,False,no_trade,2025-10-10 14:20:00-04:00,,,,,,1.0524999999999929,0.0,0.0
2025-10-13,10.0,FAST,True,False,True,False,no_trade,2025-10-13 11:05:00-04:00,,,,,,1.0243642857143007,0.0,0.0
2025-10-14,50.0,NEUTRAL,True,True,True,False,no_trade,2025-10-14 10:20:00-04:00,,,,,,1.3810909090909407,0.0,0.0
2025-10-15,150.0,TREND,True,False,True,False,no_trade,2025-10-15 13:45:00-04:00,,,,,,1.1734285714285875,0.0,0.0
2025-10-16,110.0,TREND,False,False,True,False,no_trade,2025-10-16 13:15:00-04:00,,,,,,1.6560714285714084,0.0,0.0
2025-10-17,10.0,FAST,True,True,True,True,stop,2025-10-17 09:45:00-04:00,2025-10-17 09:45:00-04:00,660.11,658.95725,662.223375,658.95725,1.9212499999999864,-0.0017462998591143432,-0.9999999999999803
2025-10-20,5.0,FAST,True,True,True,True,stop,2025-10-20 12:15:00-04:00,2025-10-20 12:15:00-04:00,670.61,670.3314285714285,671.1207142857143,670.3314285714285,0.46428571428570614,-0.00041540005155226963,-1.0000000000001574
2025-10-21,5.0,FAST,False,True,False,False,no_trade,2025-10-21 09:35:00-04:00,,,,,,0.5150000000000432,0.0,0.0
2025-10-22,10.0,FAST,False,True,False,False,no_trade,2025-10-22 09:40:00-04:00,,,,,,1.0516666666666197,0.0,0.0
2025-10-23,5.0,FAST,True,False,True,False,no_trade,2025-10-23 10:20:00-04:00,,,,,,0.8649363636363577,0.0,0.0
2025-10-24,15.0,FAST,True,True,True,True,stop,2025-10-24 12:45:00-04:00,2025-10-24 12:45:00-04:00,677.931,677.6941971428572,678.3651385714286,677.6941971428572,0.3946714285714198,-0.0003493022994122322,-0.9999999999999246
2025-10-27,15.0,FAST,True,True,True,True,stop,2025-10-27 13:30:00-04:00,2025-10-27 13:30:00-04:00,683.5899,683.4617871428571,683.8247735714285,683.4617871428571,0.2135214285714174,-0.00018741186366681231,-0.9999999999996833
2025-10-28,35.0,NEUTRAL,True,False,False,False,no_trade,2025-10-28 11:55:00-04:00,,,,,,0.3732357142857349,0.0,0.0
2025-10-29,35.0,NEUTRAL,False,False,True,False,no_trade,2025-10-29 11:15:00-04:00,,,,,,0.4511499999999923,0.0,0.0
2025-10-30,20.0,FAST,False,True,False,False,no_trade,2025-10-30 09:50:00-04:00,,,,,,1.5679800000000115,0.0,0.0
2025-10-31,5.0,FAST,False,True,True,False,no_trade,2025-10-31 11:30:00-04:00,,,,,,0.5103999999999717,0.0,0.0
2025-11-03,65.0,TREND,True,False,True,False,no_trade,2025-11-03 10:55:00-05:00,,,,,,0.8639428571428637,0.0,0.0
2025-11-04,260.0,TREND,False,False,True,False,no_trade,2025-11-04 13:50:00-05:00,,,,,,0.7261142857142643,0.0,0.0
2025-11-05,15.0,FAST,True,True,True,True,stop,2025-11-05 09:45:00-05:00,2025-11-05 09:45:00-05:00,676.07,675.3575900000001,677.3760850000001,675.3575900000001,1.1873500000000092,-0.0010537518304317261,-0.99999999999996
2025-11-06,190.0,TREND,True,False,False,False,no_trade,2025-11-06 12:40:00-05:00,,,,,,0.9594357142857055,0.0,0.0
2025-11-07,170.0,TREND,False,False,True,False,no_trade,2025-11-07 12:20:00-05:00,,,,,,0.9364142857142903,0.0,0.0
2025-11-10,15.0,FAST,False,False,False,False,no_trade,2025-11-10 11:10:00-05:00,,,,,,0.7257071428571586,0.0,0.0
2025-11-11,105.0,TREND,False,True,True,False,no_trade,2025-11-11 11:15:00-05:00,,,,,,0.6443428571428497,0.0,0.0
2025-11-12,5.0,FAST,True,False,True,False,no_trade,2025-11-12 09:50:00-05:00,,,,,,0.9320000000000164,0.0,0.0
2025-11-13,175.0,TREND,False,False,False,False,no_trade,2025-11-13 12:25:00-05:00,,,,,,1.0196428571428637,0.0,0.0
2025-11-14,55.0,NEUTRAL,True,True,True,False,no_trade,2025-11-14 10:25:00-05:00,,,,,,1.7759833333333575,0.0,0.0
2025-11-17,5.0,FAST,False,True,False,False,no_trade,2025-11-17 09:35:00-05:00,,,,,,1.892499999999984,0.0,0.0
2025-11-18,105.0,TREND,True,False,False,False,no_trade,2025-11-18 11:15:00-05:00,,,,,,1.595499999999983,0.0,0.0
2025-11-19,5.0,FAST,True,True,True,True,stop,2025-11-19 09:35:00-05:00,2025-11-19 09:35:00-05:00,662.1994,661.4223999999999,663.6238999999999,661.4223999999999,1.295000000000016,-0.0011733625853482255,-1.0000000000000437
2025-11-20,130.0,TREND,False,False,True,False,no_trade,2025-11-20 13:10:00-05:00,,,,,,2.2499999999999756,0.0,0.0
2025-11-21,15.0,FAST,False,True,True,False,no_trade,2025-11-21 09:50:00-05:00,,,,,,2.064000000000033,0.0,0.0
2025-11-24,40.0,NEUTRAL,True,True,True,False,no_trade,2025-11-24 15:00:00-05:00,,,,,,0.5239142857142838,0.0,0.0
2025-11-25,15.0,FAST,False,True,True,False,no_trade,2025-11-25 09:55:00-05:00,,,,,,1.9865499999999845,0.0,0.0
2025-11-26,5.0,FAST,False,True,True,False,no_trade,2025-11-26 13:10:00-05:00,,,,,,0.6162714285714515,0.0,0.0
2025-11-28,35.0,NEUTRAL,True,True,True,False,no_trade,2025-11-28 12:50:00-05:00,,,,,,0.39624999999999283,0.0,0.0
2025-12-01,80.0,TREND,False,True,True,False,no_trade,2025-12-01 10:50:00-05:00,,,,,,0.9370928571428537,0.0,0.0
2025-12-02,15.0,FAST,True,True,True,True,stop,2025-12-02 10:40:00-05:00,2025-12-02 10:40:00-05:00,682.71,682.1510314285714,683.7347757142858,682.1510314285714,0.9316142857143096,-0.0008187496468905335,-1.0000000000000902
2025-12-03,30.0,FAST,False,True,True,False,no_trade,2025-12-03 10:00:00-05:00,,,,,,1.0564142857142704,0.0,0.0
2025-12-04,5.0,FAST,False,True,True,False,no_trade,2025-12-04 09:35:00-05:00,,,,,,1.3499500000000353,0.0,0.0
2025-12-05,55.0,NEUTRAL,False,False,False,False,no_trade,2025-12-05 11:50:00-05:00,,,,,,0.752457142857135,0.0,0.0
2025-12-08,5.0,FAST,False,False,True,False,no_trade,2025-12-08 09:40:00-05:00,,,,,,0.6466333333333599,0.0,0.0
2025-12-09,95.0,TREND,False,False,False,False,no_trade,2025-12-09 13:50:00-05:00,,,,,,0.37450714285714476,0.0,0.0
2025-12-10,25.0,FAST,False,True,False,False,no_trade,2025-12-10 09:55:00-05:00,,,,,,0.9017000000000621,0.0,0.0
2025-12-11,45.0,NEUTRAL,True,True,False,False,no_trade,2025-12-11 10:15:00-05:00,,,,,,1.2139900000000352,0.0,0.0
2025-12-12,5.0,FAST,False,True,True,False,no_trade,2025-12-12 09:35:00-05:00,,,,,,0.8224999999999341,0.0,0.0
2025-12-15,40.0,NEUTRAL,False,False,True,False,no_trade,2025-12-15 10:40:00-05:00,,,,,,1.3616857142857353,0.0,0.0
2025-12-16,25.0,FAST,False,True,True,False,no_trade,2025-12-16 09:55:00-05:00,,,,,,1.5774000000000115,0.0,0.0
2025-12-17,20.0,FAST,False,True,True,False,no_trade,2025-12-17 09:55:00-05:00,,,,,,1.2199999999999704,0.0,0.0
2025-12-18,40.0,NEUTRAL,False,True,True,False,no_trade,2025-12-18 12:40:00-05:00,,,,,,0.9814785714285676,0.0,0.0
2025-12-19,5.0,FAST,True,True,True,True,stop,2025-12-19 10:50:00-05:00,2025-12-19 11:00:00-05:00,679.19,678.71024,680.06956,678.71024,0.7996000000000062,-0.0007063708240699298,-1.0000000000001084
2025-12-22,5.0,FAST,True,True,False,False,no_trade,2025-12-22 13:25:00-05:00,,,,,,0.24616428571429846,0.0,0.0
2025-12-23,15.0,FAST,True,True,True,True,stop,2025-12-23 10:15:00-05:00,2025-12-23 10:15:00-05:00,685.26,684.807,686.0905,684.807,0.7550000000000068,-0.0006610629542071251,-0.9999999999999349
2025-12-26,20.0,FAST,True,False,True,False,no_trade,2025-12-26 10:20:00-05:00,,,,,,0.5959545454545605,0.0,0.0
2025-12-29,200.0,TREND,True,False,True,False,no_trade,2025-12-29 12:50:00-05:00,,,,,,0.3185714285714149,0.0,0.0
2025-12-30,15.0,FAST,False,True,True,False,no_trade,2025-12-30 09:45:00-05:00,,,,,,0.6203000000000145,0.0,0.0
2025-12-31,140.0,TREND,False,False,True,False,no_trade,2025-12-31 11:50:00-05:00,,,,,,0.32915714285715175,0.0,0.0
2026-01-02,30.0,FAST,False,False,False,False,no_trade,2026-01-02 10:40:00-05:00,,,,,,1.1195428571428547,0.0,0.0
2026-01-05,10.0,FAST,False,True,True,False,no_trade,2026-01-05 12:35:00-05:00,,,,,,0.35515714285714595,0.0,0.0
2026-01-06,30.0,FAST,False,False,True,False,no_trade,2026-01-06 11:20:00-05:00,,,,,,0.5227785714285866,0.0,0.0
2026-01-07,5.0,FAST,True,True,True,True,stop,2026-01-07 09:35:00-05:00,2026-01-07 09:35:00-05:00,692.41,692.02732,693.1115799999999,692.02732,0.6377999999999133,-0.0005526783264250035,-0.9999999999999704
2026-01-08,35.0,NEUTRAL,True,True,True,False,no_trade,2026-01-08 10:05:00-05:00,,,,,,1.0693749999999653,0.0,0.0
2026-01-09,5.0,FAST,True,True,True,True,stop,2026-01-09 10:10:00-05:00,2026-01-09 10:10:00-05:00,691.28,690.5223333333333,692.6690555555556,690.5223333333333,1.262777777777804,-0.0010960344095976118,-0.9999999999999403
2026-01-12,80.0,TREND,True,True,True,False,no_trade,2026-01-12 10:50:00-05:00,,,,,,0.5332071428571226,0.0,0.0
2026-01-13,90.0,TREND,False,False,False,False,no_trade,2026-01-13 11:10:00-05:00,,,,,,0.7836999999999941,0.0,0.0
2026-01-14,110.0,TREND,False,False,True,False,no_trade,2026-01-14 11:20:00-05:00,,,,,,0.8433071428571485,0.0,0.0
2026-01-15,15.0,FAST,False,True,True,False,no_trade,2026-01-15 12:40:00-05:00,,,,,,0.39178571428570713,0.0,0.0
2026-01-16,10.0,FAST,False,False,False,False,no_trade,2026-01-16 10:05:00-05:00,,,,,,0.7793875000000128,0.0,0.0
