account,search_start_date,search_end_date,search_symbol,generated_at,instrument,action,quantity,open_date,open_time,cost_per_share,total_cost,close_date,close_time,hold_minutes,price_per_share,proceeds,gain,commission,deferred_loss,term,lot_selection,option_ticker,close_day_option_high,close_day_max_return_pct,close_day_option_high_time,close_day_high_timing
,,,SPY,May 04 2026 04:06 PM ET,SPY Jan 05 '26 $689 Call,Sell To Close,1,2026-01-05,10:50:30,0.42,41.72,2026-01-05,11:47:12,56.7,0.61,60.28,18.57,1.43,.00,Short,FIFO,O:SPY260105C00689000,,,,
,,,SPY,May 04 2026 04:06 PM ET,SPY Jan 06 '26 $690 Call,Sell To Close,1,2026-01-06,11:00:18,0.33,32.72,2026-01-06,11:06:48,6.5,0.22,21.28,-11.43,1.43,.00,Short,FIFO,O:SPY260106C00690000,,,,
,,,SPY,May 04 2026 04:06 PM ET,SPY Jan 08 '26 $690 Call,Sell To Close,1,2026-01-08,10:56:18,0.50,49.72,2026-01-08,10:58:48,2.5,0.78,77.28,27.57,1.43,.00,Short,FIFO,O:SPY260108C00690000,,,,
,,,SPY,May 04 2026 04:06 PM ET,SPY Jan 09 '26 $692 Put,Sell To Close,1,2026-01-09,10:33:33,0.63,62.72,2026-01-09,10:41:52,8.3,0.98,97.28,34.57,1.43,.00,Short,FIFO,O:SPY260109P00692000,,,,
,,,SPY,May 04 2026 04:06 PM ET,SPY Jan 09 '26 $692 Put,Sell To Close,1,2026-01-09,11:55:29,0.27,26.72,2026-01-09,13:30:29,95.0,0.13,12.28,-14.43,1.43,.00,Short,FIFO,O:SPY260109P00692000,,,,
,,,SPY,May 04 2026 04:06 PM ET,SPY Jan 12 '26 $693 Put,Sell To Close,1,2026-01-12,10:00:22,0.75,74.72,2026-01-12,10:02:35,2.2,0.87,86.28,11.57,1.43,.00,Short,FIFO,O:SPY260112P00693000,,,,
,,,SPY,May 04 2026 04:06 PM ET,SPY Jan 12 '26 $694 Put,Sell To Close,1,2026-01-12,12:45:18,0.38,37.72,2026-01-12,13:21:28,36.2,0.14,13.28,-24.43,1.43,.00,Short,FIFO,O:SPY260112P00694000,,,,
,,,SPY,May 04 2026 04:06 PM ET,SPY Jan 12 '26 $694 Put,Sell To Close,1,2026-01-12,12:54:07,0.30,29.72,2026-01-12,15:29:15,155.1,0.03,2.28,-27.43,1.43,.00,Short,FIFO,O:SPY260112P00694000,,,,
,,,SPY,May 04 2026 04:06 PM ET,SPY Jan 14 '26 $689 Call,Sell To Close,1,2026-01-14,11:51:48,0.28,27.72,2026-01-14,12:00:51,9.1,0.32,31.28,3.57,1.43,.00,Short,FIFO,O:SPY260114C00689000,,,,
,,,SPY,May 04 2026 04:06 PM ET,SPY Jan 14 '26 $690 Call,Sell To Close,1,2026-01-14,10:34:33,0.64,63.72,2026-01-14,10:40:31,6.0,0.74,73.28,9.57,1.43,.00,Short,FIFO,O:SPY260114C00690000,,,,
,,,SPY,May 04 2026 04:06 PM ET,SPY Jan 15 '26 $694 Call,Sell To Close,1,2026-01-15,10:45:47,0.92,91.72,2026-01-15,11:00:30,14.7,1.20,119.28,27.57,1.43,.00,Short,FIFO,O:SPY260115C00694000,,,,
,,,SPY,May 04 2026 04:06 PM ET,SPY Jan 15 '26 $695 Call,Sell To Close,1,2026-01-15,13:00:00,0.29,28.72,2026-01-15,13:02:56,2.9,0.36,35.28,6.57,1.43,.00,Short,FIFO,O:SPY260115C00695000,,,,
,,,SPY,May 04 2026 04:06 PM ET,SPY Jan 20 '26 $683 Call,Sell To Close,1,2026-01-20,12:22:49,1.02,101.72,2026-01-20,12:30:15,7.4,0.79,78.28,-23.43,1.43,.00,Short,FIFO,O:SPY260120C00683000,,,,
,,,SPY,May 04 2026 04:06 PM ET,SPY Jan 21 '26 $681 Put,Sell To Close,1,2026-01-21,09:58:44,1.02,101.72,2026-01-21,10:16:10,17.4,0.76,75.28,-26.43,1.43,.00,Short,FIFO,O:SPY260121P00681000,,,,
,,,SPY,May 04 2026 04:06 PM ET,SPY Jan 26 '26 $688 Call,Sell To Close,1,2026-01-21,12:56:36,1.26,125.72,2026-01-21,14:35:10,98.6,2.61,260.28,134.57,1.43,.00,Short,FIFO,O:SPY260126C00688000,,,,
,,,SPY,May 04 2026 04:06 PM ET,SPY Jan 26 '26 $694 Call,Sell To Close,1,2026-01-26,10:56:21,0.42,41.72,2026-01-26,13:21:10,144.8,0.33,32.28,-9.43,1.43,.00,Short,FIFO,O:SPY260126C00694000,,,,
,,,SPY,May 04 2026 04:06 PM ET,SPY Feb 02 '26 $690 Put,Sell To Close,1,2026-02-02,09:55:52,0.58,57.72,2026-02-02,09:58:27,2.6,0.80,79.28,21.57,1.43,.00,Short,FIFO,O:SPY260202P00690000,,,,
,,,SPY,May 04 2026 04:06 PM ET,SPY Feb 02 '26 $695 Put,Sell To Close,1,2026-02-02,12:14:08,0.39,38.72,2026-02-02,12:16:23,2.2,0.40,39.28,0.57,1.43,.00,Short,FIFO,O:SPY260202P00695000,,,,
,,,SPY,May 04 2026 04:06 PM ET,SPY Feb 03 '26 $693 Call,Sell To Close,1,2026-02-03,11:25:31,0.54,53.72,2026-02-03,12:03:56,38.4,0.34,33.28,-20.43,1.43,.00,Short,FIFO,O:SPY260203C00693000,,,,
,,,SPY,May 04 2026 04:06 PM ET,SPY Feb 05 '26 $675 Put,Sell To Close,1,2026-02-05,11:17:47,1.34,133.72,2026-02-05,11:20:10,2.4,1.05,104.28,-29.43,1.43,.00,Short,FIFO,O:SPY260205P00675000,,,,
,,,SPY,May 04 2026 04:06 PM ET,SPY Feb 05 '26 $675 Put,Sell To Close,1,2026-02-05,11:24:04,1.18,117.72,2026-02-05,11:56:07,32.0,0.38,37.28,-80.43,1.43,.00,Short,FIFO,O:SPY260205P00675000,,,,
,,,SPY,May 04 2026 04:06 PM ET,SPY Feb 05 '26 $676 Put,Sell To Close,1,2026-02-05,12:05:41,0.69,68.72,2026-02-05,12:11:59,6.3,0.82,81.28,12.57,1.43,.00,Short,FIFO,O:SPY260205P00676000,,,,
,,,SPY,May 04 2026 04:06 PM ET,SPY Feb 05 '26 $677 Put,Sell To Close,1,2026-02-05,12:02:11,0.82,81.72,2026-02-05,12:03:50,1.6,0.90,89.28,7.57,1.43,.00,Short,FIFO,O:SPY260205P00677000,,,,
,,,SPY,May 04 2026 04:06 PM ET,SPY Feb 05 '26 $679 Call,Sell To Close,1,2026-02-05,11:07:27,1.45,144.72,2026-02-05,11:15:45,8.3,1.57,156.28,11.57,1.43,.00,Short,FIFO,O:SPY260205C00679000,,,,
,,,SPY,May 04 2026 04:06 PM ET,SPY Feb 05 '26 $681 Call,Sell To Close,1,2026-02-05,10:59:02,0.96,95.72,2026-02-05,11:00:56,1.9,1.10,109.28,13.57,1.43,.00,Short,FIFO,O:SPY260205C00681000,,,,
,,,SPY,May 04 2026 04:06 PM ET,SPY Feb 05 '26 $682 Call,Sell To Close,1,2026-02-05,12:14:40,1.15,114.72,2026-02-05,12:15:43,1.1,1.08,107.28,-7.43,1.43,.00,Short,FIFO,O:SPY260205C00682000,,,,
,,,SPY,May 04 2026 04:06 PM ET,SPY Feb 05 '26 $682 Call,Sell To Close,1,2026-02-05,14:56:43,0.35,34.72,2026-02-05,15:01:01,4.3,0.33,32.28,-2.43,1.43,.00,Short,FIFO,O:SPY260205C00682000,,,,
,,,SPY,May 04 2026 04:06 PM ET,SPY Feb 06 '26 $684 Put,Sell To Close,1,2026-02-06,10:49:15,0.96,95.72,2026-02-06,10:50:03,0.8,1.09,108.28,12.57,1.43,.00,Short,FIFO,O:SPY260206P00684000,,,,
,,,SPY,May 04 2026 04:06 PM ET,SPY Feb 06 '26 $684 Put,Sell To Close,1,2026-02-06,11:06:33,0.79,78.72,2026-02-06,11:07:51,1.3,0.62,61.28,-17.43,1.43,.00,Short,FIFO,O:SPY260206P00684000,,,,
,,,SPY,May 04 2026 04:06 PM ET,SPY Feb 06 '26 $687 Call,Sell To Close,1,2026-02-06,11:25:25,1.45,144.72,2026-02-06,11:26:06,0.7,1.39,138.28,-6.43,1.43,.00,Short,FIFO,O:SPY260206C00687000,,,,
,,,SPY,May 04 2026 04:06 PM ET,SPY Feb 06 '26 $687 Call,Sell To Close,1,2026-02-06,12:00:00,1.48,147.72,2026-02-06,12:04:18,4.3,1.59,158.28,10.57,1.43,.00,Short,FIFO,O:SPY260206C00687000,,,,
,,,SPY,May 04 2026 04:06 PM ET,SPY Feb 06 '26 $687 Put,Sell To Close,1,2026-02-06,11:17:00,1.49,148.72,2026-02-06,11:20:26,3.4,1.24,123.28,-25.43,1.43,.00,Short,FIFO,O:SPY260206P00687000,,,,
,,,SPY,May 04 2026 04:06 PM ET,SPY Feb 06 '26 $687 Put,Sell To Close,1,2026-02-06,11:23:28,1.22,121.72,2026-02-06,11:25:07,1.6,1.30,129.28,7.57,1.43,.00,Short,FIFO,O:SPY260206P00687000,,,,
,,,SPY,May 04 2026 04:06 PM ET,SPY Feb 06 '26 $687 Put,Sell To Close,2,2026-02-06,11:37:56,1.04,207.43,2026-02-06,11:55:07,17.2,0.90,178.57,-28.86,2.86,.00,Short,FIFO,O:SPY260206P00687000,,,,
,,,SPY,May 04 2026 04:06 PM ET,SPY Feb 09 '26 $692 Put,Sell To Close,1,2026-02-09,10:22:20,1.03,102.72,2026-02-09,10:26:15,3.9,1.30,129.28,26.57,1.43,.00,Short,FIFO,O:SPY260209P00692000,,,,
,,,SPY,May 04 2026 04:06 PM ET,SPY Feb 09 '26 $693 Call,Sell To Close,1,2026-02-09,10:49:43,1.43,142.72,2026-02-09,10:50:16,0.6,1.60,159.28,16.57,1.43,.00,Short,FIFO,O:SPY260209C00693000,,,,
,,,SPY,May 04 2026 04:06 PM ET,SPY Feb 09 '26 $694 Call,Sell To Close,1,2026-02-09,10:50:30,1.04,103.72,2026-02-09,10:57:20,6.8,1.15,114.28,10.57,1.43,.00,Short,FIFO,O:SPY260209C00694000,,,,
,,,SPY,May 04 2026 04:06 PM ET,SPY Feb 09 '26 $694 Call,Sell To Close,2,2026-02-09,11:12:21,1.19,237.43,2026-02-09,11:27:29,15.1,1.25,248.57,11.14,2.86,.00,Short,FIFO,O:SPY260209C00694000,,,,
,,,SPY,May 04 2026 04:06 PM ET,SPY Feb 09 '26 $694 Call,Sell To Close,1,2026-02-09,15:43:04,0.73,72.72,2026-02-09,15:43:54,0.8,0.76,75.28,2.57,1.43,.00,Short,FIFO,O:SPY260209C00694000,,,,
,,,SPY,May 04 2026 04:06 PM ET,SPY Feb 09 '26 $695 Put,Sell To Close,1,2026-02-09,11:06:25,1.36,135.72,2026-02-09,11:10:07,3.7,1.45,144.28,8.57,1.43,.00,Short,FIFO,O:SPY260209P00695000,,,,
,,,SPY,May 04 2026 04:06 PM ET,SPY Feb 10 '26 $694 Put,Sell To Close,1,2026-02-10,09:44:25,1.51,150.72,2026-02-10,09:45:45,1.3,1.65,164.28,13.57,1.43,.00,Short,FIFO,O:SPY260210P00694000,,,,
,,,SPY,May 04 2026 04:06 PM ET,SPY Feb 10 '26 $694 Put,Sell To Close,1,2026-02-10,09:50:15,1.43,142.72,2026-02-10,11:09:58,79.7,0.85,84.28,-58.43,1.43,.00,Short,FIFO,O:SPY260210P00694000,,,,
,,,SPY,May 04 2026 04:06 PM ET,SPY Feb 10 '26 $695 Call,Sell To Close,2,2026-02-10,09:35:38,1.32,264.43,2026-02-10,09:54:51,19.2,1.50,298.57,34.14,2.86,.00,Short,FIFO,O:SPY260210C00695000,,,,
,,,SPY,May 04 2026 04:06 PM ET,SPY Feb 10 '26 $695 Call,Sell To Close,1,2026-02-10,09:39:32,1.24,123.72,2026-02-10,09:54:51,15.3,1.50,149.28,25.57,1.43,.00,Short,FIFO,O:SPY260210C00695000,,,,
,,,SPY,May 04 2026 04:06 PM ET,SPY Feb 10 '26 $696 Put,Sell To Close,2,2026-02-10,10:00:24,1.47,293.43,2026-02-10,10:13:50,13.4,1.80,358.57,65.14,2.86,.00,Short,FIFO,O:SPY260210P00696000,,,,
,,,SPY,May 04 2026 04:06 PM ET,SPY Feb 11 '26 $690 Put,Sell To Close,1,2026-02-11,10:28:26,1.73,172.72,2026-02-11,12:01:47,93.3,0.71,70.28,-102.43,1.43,.00,Short,FIFO,O:SPY260211P00690000,,,,
,,,SPY,May 04 2026 04:06 PM ET,SPY Feb 11 '26 $691 Call,Sell To Close,1,2026-02-11,10:37:07,1.61,160.72,2026-02-11,10:53:07,16.0,2.10,209.28,48.57,1.43,.00,Short,FIFO,O:SPY260211C00691000,,,,
,,,SPY,May 04 2026 04:06 PM ET,SPY Feb 11 '26 $692 Put,Sell To Close,1,2026-02-11,11:41:47,0.74,73.72,2026-02-11,11:56:01,14.2,0.86,85.28,11.57,1.43,.00,Short,FIFO,O:SPY260211P00692000,,,,
,,,SPY,May 04 2026 04:06 PM ET,SPY Feb 11 '26 $693 Call,Sell To Close,1,2026-02-11,11:30:59,0.92,91.72,2026-02-11,11:33:42,2.7,0.99,98.28,6.57,1.43,.00,Short,FIFO,O:SPY260211C00693000,,,,
,,,SPY,May 04 2026 04:06 PM ET,SPY Feb 11 '26 $693 Call,Sell To Close,2,2026-02-11,11:55:18,0.78,155.43,2026-02-11,12:22:47,27.5,1.00,198.57,43.14,2.86,.00,Short,FIFO,O:SPY260211C00693000,,,,
,,,SPY,May 04 2026 04:06 PM ET,SPY Feb 11 '26 $693 Put,Sell To Close,1,2026-02-11,12:25:03,0.98,97.72,2026-02-11,12:58:07,33.1,1.19,118.28,20.57,1.43,.00,Short,FIFO,O:SPY260211P00693000,,,,
,,,SPY,May 04 2026 04:06 PM ET,SPY Feb 11 '26 $694 Call,Sell To Close,1,2026-02-11,10:14:58,0.80,79.72,2026-02-11,11:21:19,66.3,0.75,74.28,-5.43,1.43,.00,Short,FIFO,O:SPY260211C00694000,,,,
,,,SPY,May 04 2026 04:06 PM ET,SPY Feb 12 '26 $684 Put,Sell To Close,1,2026-02-12,12:24:00,1.27,126.72,2026-02-12,12:29:21,5.3,1.55,154.28,27.57,1.43,.00,Short,FIFO,O:SPY260212P00684000,,,,
,,,SPY,May 04 2026 04:06 PM ET,SPY Feb 12 '26 $685 Put,Sell To Close,1,2026-02-12,12:39:04,1.52,151.72,2026-02-12,12:39:38,0.6,1.68,167.28,15.57,1.43,.00,Short,FIFO,O:SPY260212P00685000,,,,
,,,SPY,May 04 2026 04:06 PM ET,SPY Feb 12 '26 $693 Call,Sell To Close,1,2026-02-12,09:58:04,1.43,142.72,2026-02-12,10:22:48,24.7,1.70,169.28,26.57,1.43,.00,Short,FIFO,O:SPY260212C00693000,,,,
,,,SPY,May 04 2026 04:06 PM ET,SPY Feb 12 '26 $693 Call [EXPIRED],Expired Worthless,4,2026-02-12,10:32:58,0.45,179.86,2026-02-12,16:00:00,,0.00,0.00,-179.86,2.86,.00,Short,FIFO,O:SPY260212C00693000,,,,
,,,SPY,May 04 2026 04:06 PM ET,SPY Feb 12 '26 $694 Put,Sell To Close,1,2026-02-12,10:30:53,1.50,149.72,2026-02-12,10:32:28,1.6,1.89,188.28,38.57,1.43,.00,Short,FIFO,O:SPY260212P00694000,,,,
,,,SPY,May 04 2026 04:06 PM ET,SPY Feb 12 '26 $695 Put,Sell To Close,1,2026-02-12,09:45:08,1.83,182.72,2026-02-12,09:45:52,0.7,2.11,210.28,27.57,1.43,.00,Short,FIFO,O:SPY260212P00695000,,,,
,,,SPY,May 04 2026 04:06 PM ET,SPY Feb 13 '26 $681 Put,Sell To Close,1,2026-02-13,11:01:41,1.42,141.72,2026-02-13,11:21:03,19.4,1.48,147.28,5.57,1.43,.00,Short,FIFO,O:SPY260213P00681000,,,,
,,,SPY,May 04 2026 04:06 PM ET,SPY Feb 13 '26 $681 Put,Sell To Close,2,2026-02-13,11:30:22,0.97,193.43,2026-02-13,11:31:21,1.0,1.08,214.57,21.14,2.86,.00,Short,FIFO,O:SPY260213P00681000,,,,
,,,SPY,May 04 2026 04:06 PM ET,SPY Feb 13 '26 $684 Call,Sell To Close,1,2026-02-13,14:57:22,0.54,53.72,2026-02-13,15:05:53,8.5,0.49,48.28,-5.43,1.43,.00,Short,FIFO,O:SPY260213C00684000,,,,
,,,SPY,May 04 2026 04:06 PM ET,SPY Feb 13 '26 $684 Put,Sell To Close,1,2026-02-13,11:37:00,1.84,183.72,2026-02-13,11:37:32,0.5,1.93,192.28,8.57,1.43,.00,Short,FIFO,O:SPY260213P00684000,,,,
,,,SPY,May 04 2026 04:06 PM ET,SPY Feb 13 '26 $685 Call,Sell To Close,1,2026-02-13,11:17:02,1.26,125.72,2026-02-13,11:17:48,0.8,1.49,148.28,22.57,1.43,.00,Short,FIFO,O:SPY260213C00685000,,,,
,,,SPY,May 04 2026 04:06 PM ET,SPY Feb 13 '26 $685 Call,Sell To Close,2,2026-02-13,11:25:48,0.95,189.43,2026-02-13,11:26:58,1.2,1.14,226.57,37.14,2.86,.00,Short,FIFO,O:SPY260213C00685000,,,,
,,,SPY,May 04 2026 04:06 PM ET,SPY Feb 17 '26 $674 Put,Sell To Close,1,2026-02-17,10:40:20,1.28,127.72,2026-02-17,12:42:48,122.5,0.12,11.28,-116.43,1.43,.00,Short,FIFO,O:SPY260217P00674000,,,,
,,,SPY,May 04 2026 04:06 PM ET,SPY Feb 17 '26 $676 Put,Sell To Close,1,2026-02-17,10:08:53,1.54,153.72,2026-02-17,10:11:08,2.2,1.76,175.28,21.57,1.43,.00,Short,FIFO,O:SPY260217P00676000,,,,
,,,SPY,May 04 2026 04:06 PM ET,SPY Feb 17 '26 $680 Call,Sell To Close,1,2026-02-17,11:14:17,3.20,319.72,2026-02-17,11:14:51,0.6,3.24,323.28,3.57,1.43,.00,Short,FIFO,O:SPY260217C00680000,,,,
,,,SPY,May 04 2026 04:06 PM ET,SPY Feb 17 '26 $681 Put,Sell To Close,1,2026-02-17,11:31:12,1.70,169.72,2026-02-17,12:03:00,31.8,1.11,110.28,-59.43,1.43,.00,Short,FIFO,O:SPY260217P00681000,,,,
,,,SPY,May 04 2026 04:06 PM ET,SPY Feb 17 '26 $682 Call,Sell To Close,1,2026-02-17,10:27:51,0.57,56.72,2026-02-17,10:47:31,19.7,0.47,46.28,-10.43,1.43,.00,Short,FIFO,O:SPY260217C00682000,,,,
,,,SPY,May 04 2026 04:06 PM ET,SPY Feb 17 '26 $682 Call,Sell To Close,1,2026-02-17,11:45:49,1.49,148.72,2026-02-17,11:47:10,1.4,1.55,154.28,5.57,1.43,.00,Short,FIFO,O:SPY260217C00682000,,,,
,,,SPY,May 04 2026 04:06 PM ET,SPY Feb 17 '26 $682 Call,Sell To Close,1,2026-02-17,11:49:22,1.52,151.72,2026-02-17,11:52:27,3.1,1.71,170.28,18.57,1.43,.00,Short,FIFO,O:SPY260217C00682000,,,,
,,,SPY,May 04 2026 04:06 PM ET,SPY Feb 17 '26 $682 Put,Sell To Close,1,2026-02-17,11:18:20,1.64,163.72,2026-02-17,11:28:11,9.8,1.65,164.28,0.57,1.43,.00,Short,FIFO,O:SPY260217P00682000,,,,
,,,SPY,May 04 2026 04:06 PM ET,SPY Feb 17 '26 $684 Call,Sell To Close,2,2026-02-17,13:43:05,0.91,181.43,2026-02-17,13:44:02,0.9,1.01,200.57,19.14,2.86,.00,Short,FIFO,O:SPY260217C00684000,,,,
,,,SPY,May 04 2026 04:06 PM ET,SPY Feb 17 '26 $684 Call,Sell To Close,2,2026-02-17,13:48:19,0.86,171.43,2026-02-17,13:48:39,0.3,0.92,182.57,11.14,2.86,.00,Short,FIFO,O:SPY260217C00684000,,,,
,,,SPY,May 04 2026 04:06 PM ET,SPY Feb 18 '26 $686 Call,Sell To Close,1,2026-02-18,14:16:48,1.03,102.72,2026-02-18,14:22:04,5.3,1.10,109.28,6.57,1.43,.00,Short,FIFO,O:SPY260218C00686000,,,,
,,,SPY,May 04 2026 04:06 PM ET,SPY Feb 18 '26 $686 Call,Sell To Close,2,2026-02-18,14:31:15,0.86,171.43,2026-02-18,15:03:36,32.4,0.34,66.57,-104.86,2.86,.00,Short,FIFO,O:SPY260218C00686000,,,,
,,,SPY,May 04 2026 04:06 PM ET,SPY Feb 18 '26 $686 Put,Sell To Close,1,2026-02-18,13:53:49,0.82,81.72,2026-02-18,14:14:43,20.9,0.61,60.28,-21.43,1.43,.00,Short,FIFO,O:SPY260218P00686000,,,,
,,,SPY,May 04 2026 04:06 PM ET,SPY Feb 18 '26 $688 Call,Sell To Close,2,2026-02-18,10:28:56,1.39,277.43,2026-02-18,10:31:31,2.6,1.26,250.57,-26.86,2.86,.00,Short,FIFO,O:SPY260218C00688000,,,,
,,,SPY,May 04 2026 04:06 PM ET,SPY Feb 18 '26 $688 Put,Sell To Close,1,2026-02-18,10:09:39,1.86,185.72,2026-02-18,10:11:30,1.9,1.89,188.28,2.57,1.43,.00,Short,FIFO,O:SPY260218P00688000,,,,
,,,SPY,May 04 2026 04:06 PM ET,SPY Feb 18 '26 $689 Call,Sell To Close,1,2026-02-18,11:10:42,0.77,76.72,2026-02-18,11:30:20,19.6,0.67,66.28,-10.43,1.43,.00,Short,FIFO,O:SPY260218C00689000,,,,
,,,SPY,May 04 2026 04:06 PM ET,SPY Feb 19 '26 $684 Call,Sell To Close,1,2026-02-19,11:08:31,1.76,175.72,2026-02-19,11:09:05,0.6,1.92,191.28,15.57,1.43,.00,Short,FIFO,O:SPY260219C00684000,,,,
,,,SPY,May 04 2026 04:06 PM ET,SPY Feb 19 '26 $685 Call,Sell To Close,2,2026-02-19,11:28:33,1.21,241.43,2026-02-19,11:56:05,27.5,0.91,180.57,-60.86,2.86,.00,Short,FIFO,O:SPY260219C00685000,,,,
,,,SPY,May 04 2026 04:06 PM ET,SPY Feb 19 '26 $686 Put,Sell To Close,1,2026-02-19,11:24:12,1.52,151.72,2026-02-19,11:27:41,3.5,1.79,178.28,26.57,1.43,.00,Short,FIFO,O:SPY260219P00686000,,,,
,,,SPY,May 04 2026 04:06 PM ET,SPY Feb 20 '26 $684 Call,Sell To Close,2,2026-02-20,09:41:03,2.22,443.43,2026-02-20,09:42:09,1.1,2.42,482.57,39.14,2.86,.00,Short,FIFO,O:SPY260220C00684000,,,,
,,,SPY,May 04 2026 04:06 PM ET,SPY Feb 20 '26 $685 Call,Sell To Close,2,2026-02-20,09:55:22,1.64,327.43,2026-02-20,09:59:31,4.2,1.95,388.57,61.14,2.86,.00,Short,FIFO,O:SPY260220C00685000,,,,
,,,SPY,May 04 2026 04:06 PM ET,SPY Feb 20 '26 $686 Call,Sell To Close,1,2026-02-20,10:06:53,1.94,193.72,2026-02-20,10:07:32,0.7,1.97,196.28,2.57,1.43,.00,Short,FIFO,O:SPY260220C00686000,,,,
,,,SPY,May 04 2026 04:06 PM ET,SPY Feb 20 '26 $686 Call,Sell To Close,1,2026-02-20,12:14:41,1.81,180.72,2026-02-20,12:22:24,7.7,1.19,118.28,-62.43,1.43,.00,Short,FIFO,O:SPY260220C00686000,,,,
,,,SPY,May 04 2026 04:06 PM ET,SPY Feb 20 '26 $686 Call,Sell To Close,1,2026-02-20,12:14:41,1.81,180.72,2026-02-20,12:55:11,40.5,1.77,176.28,-4.43,1.43,.00,Short,FIFO,O:SPY260220C00686000,,,,
,,,SPY,May 04 2026 04:06 PM ET,SPY Feb 20 '26 $687 Call,Sell To Close,1,2026-02-20,10:28:32,1.85,184.72,2026-02-20,10:31:49,3.3,1.96,195.28,10.57,1.43,.00,Short,FIFO,O:SPY260220C00687000,,,,
,,,SPY,May 04 2026 04:06 PM ET,SPY Feb 20 '26 $687 Call,Sell To Close,2,2026-02-20,11:29:54,1.17,233.43,2026-02-20,11:32:14,2.3,1.28,254.57,21.14,2.86,.00,Short,FIFO,O:SPY260220C00687000,,,,
,,,SPY,May 04 2026 04:06 PM ET,SPY Feb 20 '26 $688 Put,Sell To Close,1,2026-02-20,11:47:53,0.91,90.72,2026-02-20,11:59:42,11.8,1.07,106.28,15.57,1.43,.00,Short,FIFO,O:SPY260220P00688000,,,,
,,,SPY,May 04 2026 04:06 PM ET,SPY Feb 20 '26 $688 Put,Sell To Close,1,2026-02-20,11:47:53,0.91,90.72,2026-02-20,12:07:49,19.9,1.54,153.28,62.57,1.43,.00,Short,FIFO,O:SPY260220P00688000,,,,
,,,SPY,May 04 2026 04:06 PM ET,SPY Feb 23 '26 $682 Call,Sell To Close,1,2026-02-23,12:26:12,1.23,122.72,2026-02-23,12:27:18,1.1,1.31,130.28,7.57,1.43,.00,Short,FIFO,O:SPY260223C00682000,,,,
,,,SPY,May 04 2026 04:06 PM ET,SPY Feb 23 '26 $682 Call,Sell To Close,1,2026-02-23,12:28:04,1.22,121.72,2026-02-23,13:00:44,32.7,1.31,130.28,8.57,1.43,.00,Short,FIFO,O:SPY260223C00682000,,,,
,,,SPY,May 04 2026 04:06 PM ET,SPY Feb 23 '26 $683 Call,Sell To Close,1,2026-02-23,11:55:21,1.07,106.72,2026-02-23,12:14:27,19.1,0.76,75.28,-31.43,1.43,.00,Short,FIFO,O:SPY260223C00683000,,,,
,,,SPY,May 04 2026 04:06 PM ET,SPY Feb 24 '26 $683 Call,Sell To Close,1,2026-02-24,10:14:04,1.73,172.72,2026-02-24,10:27:36,13.5,3.41,340.28,167.57,1.43,.00,Short,FIFO,O:SPY260224C00683000,,,,
,,,SPY,May 04 2026 04:06 PM ET,SPY Feb 24 '26 $685 Put,Sell To Close,1,2026-02-24,11:05:10,0.71,70.72,2026-02-24,11:33:02,27.9,0.99,98.28,27.57,1.43,.00,Short,FIFO,O:SPY260224P00685000,,,,
,,,SPY,May 04 2026 04:06 PM ET,SPY Feb 24 '26 $686 Put,Sell To Close,1,2026-02-24,10:34:45,1.22,121.72,2026-02-24,10:44:02,9.3,1.05,104.28,-17.43,1.43,.00,Short,FIFO,O:SPY260224P00686000,,,,
,,,SPY,May 04 2026 04:06 PM ET,SPY Feb 24 '26 $686 Put,Sell To Close,1,2026-02-24,11:55:37,0.79,78.72,2026-02-24,12:10:30,14.9,0.48,47.28,-31.43,1.43,.00,Short,FIFO,O:SPY260224P00686000,,,,
,,,SPY,May 04 2026 04:06 PM ET,SPY Feb 26 '26 $684 Put,Sell To Close,1,2026-02-26,10:23:28,1.69,168.72,2026-02-26,10:24:20,0.9,1.72,171.28,2.57,1.43,.00,Short,FIFO,O:SPY260226P00684000,,,,
,,,SPY,May 04 2026 04:06 PM ET,SPY Feb 26 '26 $684 Put,Sell To Close,2,2026-02-26,10:35:54,1.56,311.43,2026-02-26,11:06:22,30.5,0.50,98.57,-212.86,2.86,.00,Short,FIFO,O:SPY260226P00684000,,,,
,,,SPY,May 04 2026 04:06 PM ET,SPY Feb 26 '26 $687 Call,Sell To Close,1,2026-02-26,10:46:54,1.73,172.72,2026-02-26,10:48:13,1.3,1.93,192.28,19.57,1.43,.00,Short,FIFO,O:SPY260226C00687000,,,,
,,,SPY,May 04 2026 04:06 PM ET,SPY Feb 26 '26 $687 Call,Sell To Close,2,2026-02-26,10:59:44,2.08,415.43,2026-02-26,11:12:27,12.7,2.40,478.57,63.14,2.86,.00,Short,FIFO,O:SPY260226C00687000,,,,
,,,SPY,May 04 2026 04:06 PM ET,SPY Feb 26 '26 $691 Call,Sell To Close,1,2026-02-26,10:12:46,1.00,99.72,2026-02-26,10:21:36,8.8,0.36,35.28,-64.43,1.43,.00,Short,FIFO,O:SPY260226C00691000,,,,
,,,SPY,May 04 2026 04:06 PM ET,SPY Feb 27 '26 $683 Call,Sell To Close,1,2026-02-27,10:09:25,3.11,310.72,2026-02-27,10:43:25,34.0,3.35,334.28,23.57,1.43,.00,Short,FIFO,O:SPY260227C00683000,,,,
,,,SPY,May 04 2026 04:06 PM ET,SPY Feb 27 '26 $684 Call,Sell To Close,1,2026-02-27,12:27:15,1.59,158.72,2026-02-27,12:30:22,3.1,1.76,175.28,16.57,1.43,.00,Short,FIFO,O:SPY260227C00684000,,,,
,,,SPY,May 04 2026 04:06 PM ET,SPY Feb 27 '26 $685 Call,Sell To Close,1,2026-02-27,10:53:22,1.40,139.72,2026-02-27,10:56:01,2.6,1.48,147.28,7.57,1.43,.00,Short,FIFO,O:SPY260227C00685000,,,,
,,,SPY,May 04 2026 04:06 PM ET,SPY Mar 02 '26 $685 Call,Sell To Close,1,2026-03-02,11:21:09,1.21,120.72,2026-03-02,11:38:06,16.9,1.27,126.28,5.57,1.43,.00,Short,FIFO,O:SPY260302C00685000,,,,
,,,SPY,May 04 2026 04:06 PM ET,SPY Mar 02 '26 $685 Put,Sell To Close,1,2026-03-02,11:41:18,1.11,110.72,2026-03-02,13:20:18,99.0,0.42,41.28,-69.43,1.43,.00,Short,FIFO,O:SPY260302P00685000,,,,
,,,SPY,May 04 2026 04:06 PM ET,SPY Mar 03 '26 $672 Put,Sell To Close,1,2026-03-03,10:00:07,2.14,213.72,2026-03-03,10:02:45,2.6,2.56,255.28,41.57,1.43,.00,Short,FIFO,O:SPY260303P00672000,,,,
,,,SPY,May 04 2026 04:06 PM ET,SPY Mar 03 '26 $673 Put,Sell To Close,2,2026-03-03,10:12:07,2.56,511.43,2026-03-03,10:12:59,0.9,2.63,524.57,13.14,2.86,.00,Short,FIFO,O:SPY260303P00673000,,,,
,,,SPY,May 04 2026 04:06 PM ET,SPY Mar 03 '26 $674 Call,Sell To Close,1,2026-03-03,10:03:38,1.86,185.72,2026-03-03,10:06:22,2.7,2.21,220.28,34.57,1.43,.00,Short,FIFO,O:SPY260303C00674000,,,,
,,,SPY,May 04 2026 04:06 PM ET,SPY Mar 03 '26 $680 Call,Sell To Close,1,2026-03-03,10:24:22,0.23,22.72,2026-03-03,11:16:00,51.6,0.43,42.28,19.57,1.43,.00,Short,FIFO,O:SPY260303C00680000,,,,
,,,SPY,May 04 2026 04:06 PM ET,SPY Mar 06 '26 $690 Call,Sell To Close,1,2026-03-03,10:25:03,0.57,56.72,2026-03-03,14:38:07,253.1,1.61,160.28,103.57,1.43,.00,Short,FIFO,O:SPY260306C00690000,,,,
,,,SPY,May 04 2026 04:06 PM ET,SPY Mar 04 '26 $679 Put,Sell To Close,2,2026-03-04,10:32:23,0.24,47.43,2026-03-04,12:55:38,143.2,0.08,14.57,-32.86,2.86,.00,Short,FIFO,O:SPY260304P00679000,,,,
,,,SPY,May 04 2026 04:06 PM ET,SPY Mar 04 '26 $684 Call,Sell To Close,1,2026-03-04,09:45:01,0.92,91.72,2026-03-04,10:13:10,28.1,1.77,176.28,84.57,1.43,.00,Short,FIFO,O:SPY260304C00684000,,,,
,,,SPY,May 04 2026 04:06 PM ET,SPY Mar 04 '26 $685 Put,Sell To Close,1,2026-03-04,13:07:32,0.59,58.72,2026-03-04,15:37:02,149.5,0.27,26.28,-32.43,1.43,.00,Short,FIFO,O:SPY260304P00685000,,,,
,,,SPY,May 04 2026 04:06 PM ET,SPY Mar 05 '26 $678 Put,Sell To Close,1,2026-03-05,10:29:22,1.14,113.72,2026-03-05,12:31:52,122.5,2.00,199.28,85.57,1.43,.00,Short,FIFO,O:SPY260305P00678000,,,,
,,,SPY,May 04 2026 04:06 PM ET,SPY Mar 05 '26 $681 Put,Sell To Close,1,2026-03-05,10:13:31,0.91,90.72,2026-03-05,10:24:39,11.1,1.92,191.28,100.57,1.43,.00,Short,FIFO,O:SPY260305P00681000,,,,
,,,SPY,May 04 2026 04:06 PM ET,SPY Mar 06 '26 $674 Put,Sell To Close,1,2026-03-06,15:02:51,0.43,42.72,2026-03-06,15:10:38,7.8,0.71,70.28,27.57,1.43,.00,Short,FIFO,O:SPY260306P00674000,,,,
,,,SPY,May 04 2026 04:06 PM ET,SPY Mar 06 '26 $676 Call [EXPIRED],Expired Worthless,1,2026-03-06,15:26:45,0.10,9.72,2026-03-06,16:00:00,,0.00,0.00,-9.72,0.72,.00,Short,FIFO,O:SPY260306C00676000,,,,
,,,SPY,May 04 2026 04:06 PM ET,SPY Mar 06 '26 $685 Call [EXPIRED],Expired Worthless,2,2026-03-06,10:07:00,0.11,21.43,2026-03-06,16:00:00,,0.00,0.00,-21.43,1.43,.00,Short,FIFO,O:SPY260306C00685000,,,,
,,,SPY,May 04 2026 04:06 PM ET,SPY Mar 09 '26 $667 Put,Sell To Close,1,2026-03-09,14:34:16,0.15,14.72,2026-03-09,15:22:20,48.1,0.03,2.28,-12.43,1.43,.00,Short,FIFO,O:SPY260309P00667000,,,,
,,,SPY,May 04 2026 04:06 PM ET,SPY Mar 09 '26 $668 Call,Sell To Close,1,2026-03-09,10:56:04,2.03,202.72,2026-03-09,11:15:01,18.9,2.40,239.28,36.57,1.43,.00,Short,FIFO,O:SPY260309C00668000,,,,
,,,SPY,May 04 2026 04:06 PM ET,SPY Mar 09 '26 $668 Call,Sell To Close,1,2026-03-09,10:56:04,2.03,202.72,2026-03-09,11:15:58,19.9,2.59,258.28,55.57,1.43,.00,Short,FIFO,O:SPY260309C00668000,,,,
,,,SPY,May 04 2026 04:06 PM ET,SPY Mar 11 '26 $678 Call,Sell To Close,1,2026-03-11,09:50:43,1.64,163.72,2026-03-11,10:00:57,10.2,3.15,314.28,150.57,1.43,.00,Short,FIFO,O:SPY260311C00678000,,,,
,,,SPY,May 04 2026 04:06 PM ET,SPY Mar 11 '26 $680 Call,Sell To Close,1,2026-03-11,10:04:53,1.46,145.72,2026-03-11,15:02:17,297.4,0.05,4.28,-141.43,1.43,.00,Short,FIFO,O:SPY260311C00680000,,,,
,,,SPY,May 04 2026 04:06 PM ET,SPY Mar 12 '26 $668 Call,Sell To Close,2,2026-03-12,14:35:40,1.06,211.43,2026-03-12,14:51:06,15.4,1.10,218.57,7.14,2.86,.00,Short,FIFO,O:SPY260312C00668000,,,,
,,,SPY,May 04 2026 04:06 PM ET,SPY Mar 12 '26 $669 Call,Sell To Close,5,2026-03-12,14:21:43,0.74,368.58,2026-03-12,14:24:09,2.4,0.90,446.42,77.84,7.16,.00,Short,FIFO,O:SPY260312C00669000,,,,
,,,SPY,May 04 2026 04:06 PM ET,SPY Mar 12 '26 $669 Put,Sell To Close,2,2026-03-12,12:21:58,1.05,209.43,2026-03-12,12:25:15,3.3,1.45,288.57,79.14,2.86,.00,Short,FIFO,O:SPY260312P00669000,,,,
,,,SPY,May 04 2026 04:06 PM ET,SPY Mar 12 '26 $670 Call,Sell To Close,1,2026-03-12,11:12:26,1.14,113.72,2026-03-12,11:26:33,14.1,1.22,121.28,7.57,1.43,.00,Short,FIFO,O:SPY260312C00670000,,,,
,,,SPY,May 04 2026 04:06 PM ET,SPY Mar 12 '26 $673 Call,Sell To Close,2,2026-03-12,10:29:58,0.62,123.43,2026-03-12,11:27:55,58.0,0.49,96.57,-26.86,2.86,.00,Short,FIFO,O:SPY260312C00673000,,,,
,,,SPY,May 04 2026 04:06 PM ET,SPY Mar 13 '26 $663 Call,Sell To Close,1,2026-03-13,15:25:44,0.60,59.72,2026-03-13,15:31:23,5.7,0.71,70.28,10.57,1.43,.00,Short,FIFO,O:SPY260313C00663000,,,,
,,,SPY,May 04 2026 04:06 PM ET,SPY Mar 13 '26 $663 Put,Sell To Close,2,2026-03-13,12:07:18,1.42,283.43,2026-03-13,12:13:47,6.5,1.59,316.57,33.14,2.86,.00,Short,FIFO,O:SPY260313P00663000,,,,
,,,SPY,May 04 2026 04:06 PM ET,SPY Mar 13 '26 $663 Put,Sell To Close,2,2026-03-13,12:36:44,0.90,179.43,2026-03-13,12:39:17,2.5,1.09,216.57,37.14,2.86,.00,Short,FIFO,O:SPY260313P00663000,,,,
,,,SPY,May 04 2026 04:06 PM ET,SPY Mar 13 '26 $664 Put,Sell To Close,5,2026-03-13,13:20:09,1.11,553.58,2026-03-13,13:22:01,1.9,1.28,636.42,82.84,7.16,.00,Short,FIFO,O:SPY260313P00664000,,,,
,,,SPY,May 04 2026 04:06 PM ET,SPY Mar 13 '26 $673 Call,Sell To Close,5,2026-03-13,10:13:59,0.73,363.58,2026-03-13,11:36:25,82.4,0.10,46.42,-317.16,7.16,.00,Short,FIFO,O:SPY260313C00673000,,,,
,,,SPY,May 04 2026 04:06 PM ET,SPY Mar 16 '26 $668 Put,Sell To Close,1,2026-03-16,10:45:46,1.57,156.72,2026-03-16,10:59:37,13.8,0.99,98.28,-58.43,1.43,.00,Short,FIFO,O:SPY260316P00668000,,,,
,,,SPY,May 04 2026 04:06 PM ET,SPY Mar 16 '26 $668 Put,Sell To Close,2,2026-03-16,10:51:41,1.81,361.43,2026-03-16,15:14:15,262.6,0.20,38.57,-322.86,2.86,.00,Short,FIFO,O:SPY260316P00668000,,,,
,,,SPY,May 04 2026 04:06 PM ET,SPY Mar 16 '26 $668 Put,Sell To Close,3,2026-03-16,10:51:41,1.81,542.15,2026-03-16,15:18:44,267.1,0.11,30.85,-511.30,4.30,.00,Short,FIFO,O:SPY260316P00668000,,,,
,,,SPY,May 04 2026 04:06 PM ET,SPY Mar 16 '26 $669 Call,Sell To Close,1,2026-03-16,12:22:17,0.98,97.72,2026-03-16,12:39:12,16.9,0.87,86.28,-11.43,1.43,.00,Short,FIFO,O:SPY260316C00669000,,,,
,,,SPY,May 04 2026 04:06 PM ET,SPY Mar 16 '26 $669 Put,Sell To Close,1,2026-03-16,14:05:03,0.74,73.72,2026-03-16,14:28:49,23.8,0.53,52.28,-21.43,1.43,.00,Short,FIFO,O:SPY260316P00669000,,,,
,,,SPY,May 04 2026 04:06 PM ET,SPY Mar 16 '26 $670 Call,Sell To Close,1,2026-03-16,11:57:54,0.90,89.72,2026-03-16,12:17:58,20.1,0.85,84.28,-5.43,1.43,.00,Short,FIFO,O:SPY260316C00670000,,,,
,,,SPY,May 04 2026 04:06 PM ET,SPY Mar 16 '26 $670 Call,Sell To Close,2,2026-03-16,15:19:04,0.53,105.43,2026-03-16,15:37:25,18.4,0.20,38.57,-66.86,2.86,.00,Short,FIFO,O:SPY260316C00670000,,,,
,,,SPY,May 04 2026 04:06 PM ET,SPY Mar 17 '26 $671 Put,Sell To Close,5,2026-03-17,12:18:17,1.03,513.58,2026-03-17,12:34:06,15.8,1.20,596.42,82.84,7.16,.00,Short,FIFO,O:SPY260317P00671000,,,,
,,,SPY,May 04 2026 04:06 PM ET,SPY Mar 17 '26 $672 Call,Sell To Close,5,2026-03-17,11:29:47,1.14,568.58,2026-03-17,11:30:45,1.0,1.22,606.42,37.84,7.16,.00,Short,FIFO,O:SPY260317C00672000,,,,
,,,SPY,May 04 2026 04:06 PM ET,SPY Mar 17 '26 $672 Call,Sell To Close,5,2026-03-17,11:33:03,1.08,538.58,2026-03-17,12:13:34,40.5,0.70,346.42,-192.16,7.16,.00,Short,FIFO,O:SPY260317C00672000,,,,
,,,SPY,May 04 2026 04:06 PM ET,SPY Mar 17 '26 $673 Call,Sell To Close,1,2026-03-17,10:22:11,1.23,122.72,2026-03-17,10:49:17,27.1,1.47,146.28,23.57,1.43,.00,Short,FIFO,O:SPY260317C00673000,,,,
,,,SPY,May 04 2026 04:06 PM ET,SPY Mar 17 '26 $673 Call,Sell To Close,5,2026-03-17,11:03:54,1.08,538.58,2026-03-17,12:18:32,74.6,0.39,191.42,-347.16,7.16,.00,Short,FIFO,O:SPY260317C00673000,,,,
,,,SPY,May 04 2026 04:06 PM ET,SPY Mar 18 '26 $669 Call,Sell To Close,5,2026-03-18,09:56:07,2.09,1043.58,2026-03-18,09:59:59,3.9,2.30,1146.42,102.84,7.16,.00,Short,FIFO,O:SPY260318C00669000,,,,
,,,SPY,May 04 2026 04:06 PM ET,SPY Mar 18 '26 $669 Call,Sell To Close,5,2026-03-18,10:02:45,2.07,1033.58,2026-03-18,10:07:43,5.0,2.20,1096.42,62.84,7.16,.00,Short,FIFO,O:SPY260318C00669000,,,,
,,,SPY,May 04 2026 04:06 PM ET,SPY Mar 18 '26 $669 Call,Sell To Close,5,2026-03-18,10:11:03,1.84,918.58,2026-03-18,11:12:51,61.8,1.46,726.42,-192.16,7.16,.00,Short,FIFO,O:SPY260318C00669000,,,,
,,,SPY,May 04 2026 04:06 PM ET,SPY Mar 18 '26 $669 Put,Sell To Close,1,2026-03-18,09:48:10,1.99,198.72,2026-03-18,09:48:39,0.5,2.20,219.28,20.57,1.43,.00,Short,FIFO,O:SPY260318P00669000,,,,
,,,SPY,May 04 2026 04:06 PM ET,SPY Mar 18 '26 $669 Put,Sell To Close,5,2026-03-18,10:08:20,2.11,1053.58,2026-03-18,10:10:12,1.9,2.35,1171.42,117.84,7.16,.00,Short,FIFO,O:SPY260318P00669000,,,,
,,,SPY,May 04 2026 04:06 PM ET,SPY Mar 19 '26 $655 Put,Sell To Close,2,2026-03-19,10:25:05,1.26,251.43,2026-03-19,13:04:34,159.5,0.60,118.57,-132.86,2.86,.00,Short,FIFO,O:SPY260319P00655000,,,,
,,,SPY,May 04 2026 04:06 PM ET,SPY Mar 19 '26 $655 Put,Sell To Close,3,2026-03-19,10:25:05,1.26,377.15,2026-03-19,13:07:30,162.4,0.66,195.85,-181.30,4.30,.00,Short,FIFO,O:SPY260319P00655000,,,,
,,,SPY,May 04 2026 04:06 PM ET,SPY Mar 19 '26 $657 Call,Sell To Close,5,2026-03-19,11:52:12,1.56,778.58,2026-03-19,11:53:42,1.5,1.67,831.42,52.84,7.16,.00,Short,FIFO,O:SPY260319C00657000,,,,
,,,SPY,May 04 2026 04:06 PM ET,SPY Mar 19 '26 $657 Call,Sell To Close,5,2026-03-19,13:47:59,0.70,348.58,2026-03-19,13:49:50,1.9,0.80,396.42,47.84,7.16,.00,Short,FIFO,O:SPY260319C00657000,,,,
,,,SPY,May 04 2026 04:06 PM ET,SPY Mar 19 '26 $657 Put,Sell To Close,5,2026-03-19,13:31:32,0.89,443.58,2026-03-19,13:32:02,0.5,1.00,496.42,52.84,7.16,.00,Short,FIFO,O:SPY260319P00657000,,,,
,,,SPY,May 04 2026 04:06 PM ET,SPY Mar 19 '26 $657 Put,Sell To Close,5,2026-03-19,14:15:58,0.41,203.58,2026-03-19,14:29:32,13.6,0.70,346.42,142.84,7.16,.00,Short,FIFO,O:SPY260319P00657000,,,,
,,,SPY,May 04 2026 04:06 PM ET,SPY Mar 19 '26 $657 Put,Sell To Close,1,2026-03-19,15:00:57,0.30,29.72,2026-03-19,15:35:45,34.8,0.20,19.28,-10.43,1.43,.00,Short,FIFO,O:SPY260319P00657000,,,,
,,,SPY,May 04 2026 04:06 PM ET,SPY Mar 19 '26 $658 Put,Sell To Close,5,2026-03-19,12:41:44,1.14,568.58,2026-03-19,12:43:46,2.0,1.33,661.42,92.84,7.16,.00,Short,FIFO,O:SPY260319P00658000,,,,
,,,SPY,May 04 2026 04:06 PM ET,SPY Mar 19 '26 $659 Put,Sell To Close,5,2026-03-19,11:16:44,1.52,758.58,2026-03-19,11:17:28,0.7,1.60,796.42,37.84,7.16,.00,Short,FIFO,O:SPY260319P00659000,,,,
,,,SPY,May 04 2026 04:06 PM ET,SPY Mar 20 '26 $652 Put,Sell To Close,5,2026-03-20,10:30:59,1.81,903.58,2026-03-20,10:31:33,0.6,1.86,926.42,22.84,7.16,.00,Short,FIFO,O:SPY260320P00652000,,,,
,,,SPY,May 04 2026 04:06 PM ET,SPY Mar 20 '26 $654 Call,Sell To Close,5,2026-03-20,10:09:10,1.57,783.58,2026-03-20,10:10:04,0.9,1.70,846.42,62.84,7.16,.00,Short,FIFO,O:SPY260320C00654000,,,,
,,,SPY,May 04 2026 04:06 PM ET,SPY Mar 23 '26 $653 Put,Sell To Close,5,2026-03-23,12:32:09,1.13,563.58,2026-03-23,12:32:42,0.6,1.25,621.42,57.84,7.16,.00,Short,FIFO,O:SPY260323P00653000,,,,
,,,SPY,May 04 2026 04:06 PM ET,SPY Mar 23 '26 $653 Put,Sell To Close,5,2026-03-23,12:41:47,0.90,448.58,2026-03-23,12:51:08,9.3,0.82,406.42,-42.16,7.16,.00,Short,FIFO,O:SPY260323P00653000,,,,
,,,SPY,May 04 2026 04:06 PM ET,SPY Mar 23 '26 $657 Put,Sell To Close,5,2026-03-23,14:25:18,0.70,348.58,2026-03-23,14:28:03,2.8,0.85,421.42,72.84,7.16,.00,Short,FIFO,O:SPY260323P00657000,,,,
,,,SPY,May 04 2026 04:06 PM ET,SPY Mar 23 '26 $661 Call,Sell To Close,5,2026-03-23,11:45:52,0.81,403.58,2026-03-23,11:47:53,2.0,0.80,396.42,-7.16,7.16,.00,Short,FIFO,O:SPY260323C00661000,,,,
,,,SPY,May 04 2026 04:06 PM ET,SPY Mar 23 '26 $661 Call,Sell To Close,5,2026-03-23,12:00:24,0.38,189.58,2026-03-23,12:26:00,25.6,0.20,96.42,-93.16,7.16,.00,Short,FIFO,O:SPY260323C00661000,,,,
,,,SPY,May 04 2026 04:06 PM ET,SPY Mar 23 '26 $662 Call,Sell To Close,5,2026-03-23,10:00:47,1.33,663.58,2026-03-23,10:03:00,2.2,1.55,771.42,107.84,7.16,.00,Short,FIFO,O:SPY260323C00662000,,,,
,,,SPY,May 04 2026 04:06 PM ET,SPY Mar 23 '26 $662 Call,Sell To Close,5,2026-03-23,10:05:02,1.07,533.58,2026-03-23,10:05:54,0.9,1.15,571.42,37.84,7.16,.00,Short,FIFO,O:SPY260323C00662000,,,,
,,,SPY,May 04 2026 04:06 PM ET,SPY Mar 23 '26 $662 Call,Sell To Close,5,2026-03-23,10:09:04,1.01,503.58,2026-03-23,10:11:44,2.7,1.25,621.42,117.84,7.16,.00,Short,FIFO,O:SPY260323C00662000,,,,
,,,SPY,May 04 2026 04:06 PM ET,SPY Mar 23 '26 $662 Call,Sell To Close,5,2026-03-23,10:45:20,1.01,503.58,2026-03-23,10:46:37,1.3,1.20,596.42,92.84,7.16,.00,Short,FIFO,O:SPY260323C00662000,,,,
,,,SPY,May 04 2026 04:06 PM ET,SPY Mar 23 '26 $662 Call,Sell To Close,5,2026-03-23,11:21:02,1.06,528.58,2026-03-23,11:22:57,1.9,1.45,721.42,192.84,7.16,.00,Short,FIFO,O:SPY260323C00662000,,,,
,,,SPY,May 04 2026 04:06 PM ET,SPY Mar 23 '26 $662 Call,Sell To Close,5,2026-03-23,11:28:06,1.06,528.58,2026-03-23,11:41:30,13.4,0.65,321.42,-207.16,7.16,.00,Short,FIFO,O:SPY260323C00662000,,,,
,,,SPY,May 04 2026 04:06 PM ET,SPY Mar 24 '26 $650 Put,Sell To Close,5,2026-03-24,09:56:02,1.82,908.58,2026-03-24,10:59:22,63.3,1.05,521.42,-387.16,7.16,.00,Short,FIFO,O:SPY260324P00650000,,,,
,,,SPY,May 04 2026 04:06 PM ET,SPY Mar 24 '26 $652 Put,Sell To Close,5,2026-03-24,10:34:03,1.51,753.58,2026-03-24,10:36:11,2.1,1.69,841.42,87.84,7.16,.00,Short,FIFO,O:SPY260324P00652000,,,,
,,,SPY,May 04 2026 04:06 PM ET,SPY Mar 24 '26 $653 Put,Sell To Close,5,2026-03-24,14:25:34,0.56,278.58,2026-03-24,15:35:50,70.3,0.39,191.42,-87.16,7.16,.00,Short,FIFO,O:SPY260324P00653000,,,,
,,,SPY,May 04 2026 04:06 PM ET,SPY Mar 24 '26 $654 Call,Sell To Close,5,2026-03-24,10:25:22,1.12,558.58,2026-03-24,10:26:39,1.3,1.30,646.42,87.84,7.16,.00,Short,FIFO,O:SPY260324C00654000,,,,
,,,SPY,May 04 2026 04:06 PM ET,SPY Mar 24 '26 $654 Call,Sell To Close,5,2026-03-24,10:29:58,1.35,673.58,2026-03-24,10:32:58,3.0,1.51,751.42,77.84,7.16,.00,Short,FIFO,O:SPY260324C00654000,,,,
,,,SPY,May 04 2026 04:06 PM ET,SPY Mar 24 '26 $656 Call,Sell To Close,5,2026-03-24,12:36:51,0.88,438.58,2026-03-24,12:45:02,8.2,0.97,481.42,42.84,7.16,.00,Short,FIFO,O:SPY260324C00656000,,,,
,,,SPY,May 04 2026 04:06 PM ET,SPY Mar 25 '26 $655 Put,Sell To Close,5,2026-03-25,10:09:59,1.29,643.58,2026-03-25,10:10:35,0.6,1.48,736.42,92.84,7.16,.00,Short,FIFO,O:SPY260325P00655000,,,,
,,,SPY,May 04 2026 04:06 PM ET,SPY Mar 25 '26 $657 Call,Sell To Close,5,2026-03-25,15:45:01,0.17,83.58,2026-03-25,15:50:38,5.6,0.23,111.42,27.84,7.16,.00,Short,FIFO,O:SPY260325C00657000,,,,
,,,SPY,May 04 2026 04:06 PM ET,SPY Mar 25 '26 $658 Call,Sell To Close,5,2026-03-25,11:07:41,1.57,783.58,2026-03-25,11:08:21,0.7,1.66,826.42,42.84,7.16,.00,Short,FIFO,O:SPY260325C00658000,,,,
,,,SPY,May 04 2026 04:06 PM ET,SPY Mar 26 '26 $645 Call,Sell To Close,5,2026-03-26,15:53:51,0.61,303.58,2026-03-26,15:57:04,3.2,0.70,346.42,42.84,7.16,.00,Short,FIFO,O:SPY260326C00645000,,,,
,,,SPY,May 04 2026 04:06 PM ET,SPY Mar 26 '26 $652 Put,Sell To Close,5,2026-03-26,11:12:16,1.35,673.58,2026-03-26,11:14:52,2.6,1.49,741.42,67.84,7.16,.00,Short,FIFO,O:SPY260326P00652000,,,,
,,,SPY,May 04 2026 04:06 PM ET,SPY Mar 26 '26 $653 Call,Sell To Close,5,2026-03-26,10:51:43,1.51,753.58,2026-03-26,11:03:23,11.7,1.45,721.42,-32.16,7.16,.00,Short,FIFO,O:SPY260326C00653000,,,,
,,,SPY,May 04 2026 04:06 PM ET,SPY Mar 26 '26 $654 Call,Sell To Close,5,2026-03-26,10:28:02,1.91,953.58,2026-03-26,10:32:35,4.5,2.04,1016.42,62.84,7.16,.00,Short,FIFO,O:SPY260326C00654000,,,,
,,,SPY,May 04 2026 04:06 PM ET,SPY Mar 27 '26 $639 Put,Sell To Close,5,2026-03-27,11:23:49,1.10,548.58,2026-03-27,11:24:49,1.0,1.36,676.42,127.84,7.16,.00,Short,FIFO,O:SPY260327P00639000,,,,
,,,SPY,May 04 2026 04:06 PM ET,SPY Mar 27 '26 $640 Call,Sell To Close,5,2026-03-27,12:35:03,1.02,508.58,2026-03-27,12:42:00,7.0,0.98,486.42,-22.16,7.16,.00,Short,FIFO,O:SPY260327C00640000,,,,
,,,SPY,May 04 2026 04:06 PM ET,SPY Mar 30 '26 $630 Put,Sell To Close,5,2026-03-30,15:15:31,0.71,353.58,2026-03-30,15:21:28,6.0,0.80,396.42,42.84,7.16,.00,Short,FIFO,O:SPY260330P00630000,,,,
,,,SPY,May 04 2026 04:06 PM ET,SPY Mar 30 '26 $630 Put,Sell To Close,5,2026-03-30,15:26:21,0.76,378.58,2026-03-30,15:28:02,1.7,0.90,446.42,67.84,7.16,.00,Short,FIFO,O:SPY260330P00630000,,,,
,,,SPY,May 04 2026 04:06 PM ET,SPY Mar 30 '26 $630 Put,Sell To Close,5,2026-03-30,15:35:41,0.73,363.58,2026-03-30,15:59:25,23.7,0.05,21.42,-342.16,7.16,.00,Short,FIFO,O:SPY260330P00630000,,,,
,,,SPY,May 04 2026 04:06 PM ET,SPY Mar 30 '26 $635 Put,Sell To Close,10,2026-03-30,10:56:13,1.48,1477.16,2026-03-30,11:16:27,20.2,1.60,1592.84,115.68,14.32,.00,Short,FIFO,O:SPY260330P00635000,,,,
,,,SPY,May 04 2026 04:06 PM ET,SPY Mar 30 '26 $636 Put,Sell To Close,5,2026-03-30,13:01:13,1.41,703.58,2026-03-30,13:02:32,1.3,1.70,846.42,142.84,7.16,.00,Short,FIFO,O:SPY260330P00636000,,,,
,,,SPY,May 04 2026 04:06 PM ET,SPY Mar 30 '26 $637 Put,Sell To Close,5,2026-03-30,11:26:42,1.78,888.58,2026-03-30,11:29:10,2.5,2.08,1036.42,147.84,7.16,.00,Short,FIFO,O:SPY260330P00637000,,,,
,,,SPY,May 04 2026 04:06 PM ET,SPY Mar 30 '26 $637 Put,Sell To Close,5,2026-03-30,11:44:23,1.29,643.58,2026-03-30,11:45:16,0.9,1.40,696.42,52.84,7.16,.00,Short,FIFO,O:SPY260330P00637000,,,,
,,,SPY,May 04 2026 04:06 PM ET,SPY Mar 31 '26 $640 Call,Sell To Close,5,2026-03-31,11:56:48,1.86,928.58,2026-03-31,12:01:58,5.2,2.10,1046.42,117.84,7.16,.00,Short,FIFO,O:SPY260331C00640000,,,,
,,,SPY,May 04 2026 04:06 PM ET,SPY Mar 31 '26 $640 Put,Sell To Close,5,2026-03-31,10:18:35,1.41,703.58,2026-03-31,10:35:54,17.3,1.33,661.42,-42.16,7.16,.00,Short,FIFO,O:SPY260331P00640000,,,,
,,,SPY,May 04 2026 04:06 PM ET,SPY Mar 31 '26 $640 Put,Sell To Close,5,2026-03-31,12:38:03,0.81,403.58,2026-03-31,12:40:12,2.1,0.52,256.42,-147.16,7.16,.00,Short,FIFO,O:SPY260331P00640000,,,,
,,,SPY,May 04 2026 04:06 PM ET,SPY Mar 31 '26 $644 Call,Sell To Close,5,2026-03-31,10:36:16,1.01,503.58,2026-03-31,10:56:06,19.8,0.30,146.42,-357.16,7.16,.00,Short,FIFO,O:SPY260331C00644000,,,,
,,,SPY,May 04 2026 04:06 PM ET,SPY Mar 31 '26 $645 Call,Sell To Close,5,2026-03-31,10:04:26,0.98,488.58,2026-03-31,10:23:26,19.0,0.89,441.42,-47.16,7.16,.00,Short,FIFO,O:SPY260331C00645000,,,,
,,,SPY,May 04 2026 04:06 PM ET,SPY Mar 31 '26 $647 Call,Sell To Close,10,2026-03-31,14:27:27,1.16,1157.16,2026-03-31,14:27:42,0.2,1.20,1192.84,35.68,14.32,.00,Short,FIFO,O:SPY260331C00647000,,,,
,,,SPY,May 04 2026 04:06 PM ET,SPY Mar 31 '26 $647 Put,Sell To Close,10,2026-03-31,14:09:42,1.01,1007.16,2026-03-31,14:10:47,1.1,1.10,1092.84,85.68,14.32,.00,Short,FIFO,O:SPY260331P00647000,,,,
,,,SPY,May 04 2026 04:06 PM ET,SPY Mar 31 '26 $647 Put,Sell To Close,10,2026-03-31,14:15:05,1.01,1007.16,2026-03-31,14:25:02,9.9,1.05,1042.84,35.68,14.32,.00,Short,FIFO,O:SPY260331P00647000,,,,
,,,SPY,May 04 2026 04:06 PM ET,SPY Mar 31 '26 $648 Put,Sell To Close,10,2026-03-31,15:13:02,0.51,507.16,2026-03-31,15:13:16,0.2,0.55,542.84,35.68,14.32,.00,Short,FIFO,O:SPY260331P00648000,,,,
,,,SPY,May 04 2026 04:06 PM ET,SPY Mar 31 '26 $649 Call,Sell To Close,10,2026-03-31,15:57:12,0.71,707.16,2026-03-31,15:57:37,0.4,0.73,722.84,15.68,14.32,.00,Short,FIFO,O:SPY260331C00649000,,,,
,,,SPY,May 04 2026 04:06 PM ET,SPY Mar 31 '26 $649 Put,Sell To Close,10,2026-03-31,15:46:21,0.22,217.16,2026-03-31,15:52:10,5.8,0.26,252.84,35.68,14.32,.00,Short,FIFO,O:SPY260331P00649000,,,,
,,,SPX,May 04 2026 04:06 PM ET,SPX Apr 01 '26 $6585 Call,Sell To Close,1,2026-04-01,10:06:20,9.51,950.72,2026-04-01,10:31:49,25.5,14.00,1399.28,448.57,1.43,.00,Short,FIFO,O:SPX260401C06585000,,,,
,,,SPX,May 04 2026 04:06 PM ET,SPX Apr 02 '26 $6500 Put,Sell To Close,1,2026-04-02,10:58:28,3.91,390.72,2026-04-02,11:00:34,2.1,5.00,499.28,108.57,1.43,.00,Short,FIFO,O:SPX260402P06500000,,,,
,,,SPX,May 04 2026 04:06 PM ET,SPX Apr 02 '26 $6550 Put [EXPIRED],Expired Worthless,1,2026-04-02,15:10:07,1.01,100.72,2026-04-02,16:00:00,,0.00,0.00,-100.72,0.72,.00,Short,FIFO,O:SPX260402P06550000,,,,
,,,SPX,May 04 2026 04:06 PM ET,SPX Apr 02 '26 $6570 Put,Sell To Close,1,2026-04-02,13:14:33,13.01,1300.72,2026-04-02,13:23:12,8.7,11.10,1109.28,-191.43,1.43,.00,Short,FIFO,O:SPX260402P06570000,,,,
,,,SPY,May 04 2026 04:06 PM ET,SPY Apr 02 '26 $640 Put,Sell To Close,1,2026-04-02,09:34:36,0.47,46.72,2026-04-02,10:35:55,61.3,0.20,19.28,-27.43,1.43,.00,Short,FIFO,O:SPY260402P00640000,,,,
,,,SPX,May 04 2026 04:06 PM ET,SPX Apr 06 '26 $6580 Put,Sell To Close,1,2026-04-06,13:21:56,8.61,860.72,2026-04-06,13:32:46,10.8,4.00,399.28,-461.43,1.43,.00,Short,FIFO,O:SPX260406P06580000,,,,
,,,SPX,May 04 2026 04:06 PM ET,SPX Apr 06 '26 $6585 Put,Sell To Close,1,2026-04-06,10:59:05,9.01,900.72,2026-04-06,13:04:40,125.6,6.40,639.28,-261.43,1.43,.00,Short,FIFO,O:SPX260406P06585000,,,,
,,,SPX,May 04 2026 04:06 PM ET,SPX Apr 06 '26 $6590 Put,Sell To Close,1,2026-04-06,11:46:13,10.21,1020.72,2026-04-06,13:06:22,80.2,9.50,949.28,-71.43,1.43,.00,Short,FIFO,O:SPX260406P06590000,,,,
,,,SPX,May 04 2026 04:06 PM ET,SPX Apr 06 '26 $6590 Put,Sell To Close,1,2026-04-06,14:21:16,2.86,285.72,2026-04-06,15:52:22,91.1,0.05,4.28,-281.43,1.43,.00,Short,FIFO,O:SPX260406P06590000,,,,
,,,SPX,May 04 2026 04:06 PM ET,SPX Apr 06 '26 $6615 Call,Sell To Close,1,2026-04-06,10:38:16,10.01,1000.72,2026-04-06,11:40:06,61.8,5.00,499.28,-501.43,1.43,.00,Short,FIFO,O:SPX260406C06615000,,,,
,,,SPX,May 04 2026 04:06 PM ET,SPX Apr 07 '26 $6545 Put,Sell To Close,1,2026-04-07,11:47:11,11.01,1100.72,2026-04-07,12:48:31,61.3,2.20,219.28,-881.43,1.43,.00,Short,FIFO,O:SPX260407P06545000,,,,
,,,SPX,May 04 2026 04:06 PM ET,SPX Apr 07 '26 $6550 Put,Sell To Close,1,2026-04-07,10:46:35,10.81,1080.72,2026-04-07,10:47:08,0.6,12.30,1229.28,148.57,1.43,.00,Short,FIFO,O:SPX260407P06550000,,,,
,,,SPX,May 04 2026 04:06 PM ET,SPX Apr 07 '26 $6550 Put,Sell To Close,1,2026-04-07,12:08:20,8.21,820.72,2026-04-07,12:48:55,40.6,2.85,284.28,-536.43,1.43,.00,Short,FIFO,O:SPX260407P06550000,,,,
,,,SPX,May 04 2026 04:06 PM ET,SPX Apr 07 '26 $6570 Put,Sell To Close,1,2026-04-07,11:55:13,19.01,1900.72,2026-04-07,11:56:01,0.8,21.60,2159.28,258.57,1.43,.00,Short,FIFO,O:SPX260407P06570000,,,,
,,,SPX,May 04 2026 04:06 PM ET,SPX Apr 07 '26 $6580 Put,Sell To Close,1,2026-04-07,14:33:45,5.31,530.72,2026-04-07,14:37:54,4.2,6.00,599.28,68.57,1.43,.00,Short,FIFO,O:SPX260407P06580000,,,,
,,,SPX,May 04 2026 04:06 PM ET,SPX Apr 07 '26 $6580 Put,Sell To Close,1,2026-04-07,15:27:53,3.01,300.72,2026-04-07,15:35:37,7.7,3.60,359.28,58.57,1.43,.00,Short,FIFO,O:SPX260407P06580000,,,,
,,,SPX,May 04 2026 04:06 PM ET,SPX Apr 08 '26 $6820 Call,Sell To Close,1,2026-04-08,10:01:21,2.21,220.72,2026-04-08,10:56:07,54.8,0.70,69.28,-151.43,1.43,.00,Short,FIFO,O:SPX260408C06820000,,,,
,,,SPX,May 04 2026 04:06 PM ET,SPX Apr 09 '26 $6765 Put,Sell To Close,1,2026-04-09,10:24:01,9.71,970.72,2026-04-09,10:25:24,1.4,11.00,1099.28,128.57,1.43,.00,Short,FIFO,O:SPX260409P06765000,,,,
,,,SPX,May 04 2026 04:06 PM ET,SPX Apr 09 '26 $6765 Put,Sell To Close,1,2026-04-09,10:29:59,11.81,1180.72,2026-04-09,10:32:09,2.2,13.00,1299.28,118.57,1.43,.00,Short,FIFO,O:SPX260409P06765000,,,,
,,,SPX,May 04 2026 04:06 PM ET,SPX Apr 09 '26 $6820 Call,Sell To Close,1,2026-04-09,13:02:11,10.91,1090.72,2026-04-09,13:03:35,1.4,11.80,1179.28,88.57,1.43,.00,Short,FIFO,O:SPX260409C06820000,,,,
,,,SPX,May 04 2026 04:06 PM ET,SPX Apr 09 '26 $6820 Put,Sell To Close,1,2026-04-09,14:28:01,10.51,1050.72,2026-04-09,14:30:49,2.8,12.60,1259.28,208.57,1.43,.00,Short,FIFO,O:SPX260409P06820000,,,,
,,,SPX,May 04 2026 04:06 PM ET,SPX Apr 10 '26 $6810 Call,Sell To Close,1,2026-04-10,15:52:46,4.01,400.72,2026-04-10,15:57:28,4.7,5.00,499.28,98.57,1.43,.00,Short,FIFO,O:SPX260410C06810000,,,,
,,,SPX,May 04 2026 04:06 PM ET,SPX Apr 10 '26 $6820 Call,Sell To Close,1,2026-04-10,15:21:20,3.71,370.72,2026-04-10,15:23:57,2.6,4.40,439.28,68.57,1.43,.00,Short,FIFO,O:SPX260410C06820000,,,,
,,,SPX,May 04 2026 04:06 PM ET,SPX Apr 10 '26 $6830 Put,Sell To Close,1,2026-04-10,11:14:30,6.01,600.72,2026-04-10,11:28:16,13.8,6.20,619.28,18.57,1.43,.00,Short,FIFO,O:SPX260410P06830000,,,,
,,,SPX,May 04 2026 04:06 PM ET,SPX Apr 14 '26 $6935 Call,Sell To Close,1,2026-04-14,11:06:02,9.01,900.72,2026-04-14,11:11:26,5.4,9.50,949.28,48.57,1.43,.00,Short,FIFO,O:SPX260414C06935000,,,,
,,,SPX,May 04 2026 04:06 PM ET,SPX Apr 14 '26 $6960 Call,Sell To Close,1,2026-04-14,12:53:25,6.01,600.72,2026-04-14,13:20:00,26.6,7.40,739.28,138.57,1.43,.00,Short,FIFO,O:SPX260414C06960000,,,,
,,,SPX,May 04 2026 04:06 PM ET,SPX Apr 14 '26 $6965 Call,Sell To Close,1,2026-04-14,15:50:47,2.01,200.72,2026-04-14,15:59:01,8.2,2.50,249.28,48.57,1.43,.00,Short,FIFO,O:SPX260414C06965000,,,,
,,,SPX,May 04 2026 04:06 PM ET,SPX Apr 15 '26 $6990 Call,Sell To Close,1,2026-04-15,12:40:33,10.01,1000.72,2026-04-15,13:15:30,35.0,11.00,1099.28,98.57,1.43,.00,Short,FIFO,O:SPX260415C06990000,,,,
,,,SPX,May 04 2026 04:06 PM ET,SPX Apr 15 '26 $7010 Call,Sell To Close,1,2026-04-15,15:53:21,10.01,1000.72,2026-04-15,15:54:26,1.1,13.00,1299.28,298.57,1.43,.00,Short,FIFO,O:SPX260415C07010000,,,,
,,,SPX,May 04 2026 04:06 PM ET,SPX Apr 16 '26 $7015 Call,Sell To Close,1,2026-04-16,14:27:14,11.01,1100.72,2026-04-16,14:30:32,3.3,12.50,1249.28,148.57,1.43,.00,Short,FIFO,O:SPX260416C07015000,,,,
,,,SPX,May 04 2026 04:06 PM ET,SPX Apr 16 '26 $7030 Call,Sell To Close,1,2026-04-16,12:53:52,12.01,1200.72,2026-04-16,15:48:39,174.8,10.00,999.28,-201.43,1.43,.00,Short,FIFO,O:SPX260416C07030000,,,,
,,,SPX,May 04 2026 04:06 PM ET,SPX Apr 16 '26 $7040 Call,Sell To Close,2,2026-04-16,14:48:24,2.26,451.43,2026-04-16,15:59:59,71.6,1.15,228.57,-222.86,2.86,.00,Short,FIFO,O:SPX260416C07040000,,,,
,,,SPX,May 04 2026 04:06 PM ET,SPX Apr 16 '26 $7055 Call,Sell To Close,1,2026-04-16,09:41:46,4.01,400.72,2026-04-16,09:55:00,13.2,1.80,179.28,-221.43,1.43,.00,Short,FIFO,O:SPX260416C07055000,,,,
,,,SPX,May 04 2026 04:06 PM ET,SPX Apr 17 '26 $7115 Call,Sell To Close,1,2026-04-17,13:24:45,12.01,1200.72,2026-04-17,13:28:30,3.8,15.90,1589.28,388.57,1.43,.00,Short,FIFO,O:SPX260417C07115000,,,,
,,,SPX,May 04 2026 04:06 PM ET,SPX Apr 17 '26 $7125 Call,Sell To Close,1,2026-04-17,15:10:38,2.51,250.72,2026-04-17,15:32:24,21.8,2.35,234.28,-16.43,1.43,.00,Short,FIFO,O:SPX260417C07125000,,,,
,,,SPX,May 04 2026 04:06 PM ET,SPX Apr 17 '26 $7125 Call,Sell To Close,10,2026-04-17,15:50:34,1.31,1307.16,2026-04-17,15:51:50,1.3,1.60,1592.84,285.68,14.32,.00,Short,FIFO,O:SPX260417C07125000,,,,
,,,SPX,May 04 2026 04:06 PM ET,SPX Apr 20 '26 $7100 Put [EXPIRED],Expired Worthless,10,2026-04-20,15:49:42,1.06,1057.16,2026-04-20,16:00:00,,0.00,0.00,-1057.16,7.16,.00,Short,FIFO,O:SPX260420P07100000,,,,
,,,SPX,May 04 2026 04:06 PM ET,SPX Apr 21 '26 $7050 Put,Sell To Close,1,2026-04-21,15:45:14,3.41,340.72,2026-04-21,15:47:06,1.9,2.10,209.28,-131.43,1.43,.00,Short,FIFO,O:SPX260421P07050000,,,,
,,,SPX,May 04 2026 04:06 PM ET,SPX Apr 21 '26 $7050 Put,Sell To Close,1,2026-04-21,15:48:40,1.31,130.72,2026-04-21,15:56:20,7.7,0.15,14.28,-116.43,1.43,.00,Short,FIFO,O:SPX260421P07050000,,,,
,,,SPX,May 04 2026 04:06 PM ET,SPX Apr 21 '26 $7065 Call,Sell To Close,1,2026-04-21,15:57:02,1.01,100.72,2026-04-21,15:58:48,1.8,1.05,104.28,3.57,1.43,.00,Short,FIFO,O:SPX260421C07065000,,,,
,,,SPX,May 04 2026 04:06 PM ET,SPX Apr 21 '26 $7080 Put,Sell To Close,1,2026-04-21,15:41:03,2.81,280.72,2026-04-21,15:41:54,0.8,8.50,849.28,568.57,1.43,.00,Short,FIFO,O:SPX260421P07080000,,,,
,,,SPX,May 04 2026 04:06 PM ET,SPX Apr 21 '26 $7100 Call,Sell To Close,1,2026-04-21,15:33:28,3.51,350.72,2026-04-21,15:37:56,4.5,1.15,114.28,-236.43,1.43,.00,Short,FIFO,O:SPX260421C07100000,,,,
,,,SPX,May 04 2026 04:06 PM ET,SPX Apr 22 '26 $7125 Call,Sell To Close,1,2026-04-22,12:19:27,6.01,600.72,2026-04-22,13:01:29,42.0,4.50,449.28,-151.43,1.43,.00,Short,FIFO,O:SPX260422C07125000,,,,
,,,SPX,May 04 2026 04:06 PM ET,SPX Apr 22 '26 $7125 Put,Sell To Close,1,2026-04-22,15:17:01,4.01,400.72,2026-04-22,15:38:31,21.5,1.70,169.28,-231.43,1.43,.00,Short,FIFO,O:SPX260422P07125000,,,,
,,,SPX,May 04 2026 04:06 PM ET,SPX Apr 22 '26 $7125 Put,Sell To Close,10,2026-04-22,15:45:42,1.31,1307.16,2026-04-22,15:57:03,11.3,0.05,42.84,-1264.32,14.32,.00,Short,FIFO,O:SPX260422P07125000,,,,
,,,SPX,May 04 2026 04:06 PM ET,SPX Apr 24 '26 $7125 Put,Sell To Close,1,2026-04-24,10:09:35,14.51,1450.72,2026-04-24,10:14:42,5.1,15.00,1499.28,48.57,1.43,.00,Short,FIFO,O:SPX260424P07125000,,,,
,,,SPX,May 04 2026 04:06 PM ET,SPX Apr 24 '26 $7160 Put,Sell To Close,1,2026-04-24,15:32:03,3.51,350.72,2026-04-24,15:36:03,4.0,4.30,429.28,78.57,1.43,.00,Short,FIFO,O:SPX260424P07160000,,,,
,,,SPX,May 04 2026 04:06 PM ET,SPX Apr 28 '26 $7120 Put,Sell To Close,1,2026-04-28,12:03:57,7.11,710.72,2026-04-28,12:04:13,0.3,8.00,799.28,88.57,1.43,.00,Short,FIFO,O:SPX260428P07120000,,,,
,,,SPX,May 04 2026 04:06 PM ET,SPX Apr 28 '26 $7125 Put,Sell To Close,1,2026-04-28,12:53:38,7.01,700.72,2026-04-28,12:54:22,0.7,7.60,759.28,58.57,1.43,.00,Short,FIFO,O:SPX260428P07125000,,,,
,,,SPX,May 04 2026 04:06 PM ET,SPX Apr 28 '26 $7125 Put,Sell To Close,1,2026-04-28,13:27:56,7.01,700.72,2026-04-28,13:55:23,27.4,3.20,319.28,-381.43,1.43,.00,Short,FIFO,O:SPX260428P07125000,,,,
,,,SPX,May 04 2026 04:06 PM ET,SPX Apr 28 '26 $7125 Put,Sell To Close,1,2026-04-28,14:27:26,1.66,165.72,2026-04-28,15:55:10,87.7,0.05,4.28,-161.43,1.43,.00,Short,FIFO,O:SPX260428P07125000,,,,
,,,SPX,May 04 2026 04:06 PM ET,SPX Apr 29 '26 $7120 Call,Sell To Close,1,2026-04-29,14:30:16,8.51,850.72,2026-04-29,14:35:36,5.3,10.00,999.28,148.57,1.43,.00,Short,FIFO,O:SPX260429C07120000,,,,
,,,SPX,May 04 2026 04:06 PM ET,SPX Apr 29 '26 $7120 Call,Sell To Close,1,2026-04-29,14:44:14,6.01,600.72,2026-04-29,14:49:23,5.2,8.00,799.28,198.57,1.43,.00,Short,FIFO,O:SPX260429C07120000,,,,
,,,SPX,May 04 2026 04:06 PM ET,SPX Apr 29 '26 $7120 Put,Sell To Close,1,2026-04-29,14:52:58,6.91,690.72,2026-04-29,14:53:49,0.8,7.80,779.28,88.57,1.43,.00,Short,FIFO,O:SPX260429P07120000,,,,
,,,SPX,May 04 2026 04:06 PM ET,SPX Apr 29 '26 $7125 Put,Sell To Close,1,2026-04-29,10:14:09,10.51,1050.72,2026-04-29,10:20:34,6.4,11.10,1109.28,58.57,1.43,.00,Short,FIFO,O:SPX260429P07125000,,,,
,,,SPX,May 04 2026 04:06 PM ET,SPX Apr 29 '26 $7130 Call,Sell To Close,1,2026-04-29,15:50:01,2.81,280.72,2026-04-29,15:53:45,3.7,3.70,369.28,88.57,1.43,.00,Short,FIFO,O:SPX260429C07130000,,,,
,,,SPX,May 04 2026 04:06 PM ET,SPX Apr 29 '26 $7135 Call,Sell To Close,1,2026-04-29,14:09:26,3.81,380.72,2026-04-29,14:17:40,8.2,4.70,469.28,88.57,1.43,.00,Short,FIFO,O:SPX260429C07135000,,,,
,,,SPX,May 04 2026 04:06 PM ET,SPX Apr 30 '26 $7125 Put,Sell To Close,1,2026-04-30,10:30:38,8.21,820.72,2026-04-30,10:36:06,5.5,10.00,999.28,178.57,1.43,.00,Short,FIFO,O:SPX260430P07125000,,,,
,,,SPX,May 04 2026 04:06 PM ET,SPX Apr 30 '26 $7150 Put,Sell To Close,1,2026-04-30,12:07:17,3.91,390.72,2026-04-30,12:57:36,50.3,5.30,529.28,138.57,1.43,.00,Short,FIFO,O:SPX260430P07150000,,,,
,,,SPX,May 04 2026 04:06 PM ET,SPX Apr 30 '26 $7200 Put,Sell To Close,2,2026-04-30,15:42:08,0.31,61.43,2026-04-30,15:44:36,2.5,0.10,18.57,-42.86,2.86,.00,Short,FIFO,O:SPX260430P07200000,,,,
,,,SPX,May 04 2026 04:06 PM ET,SPX Apr 30 '26 $7210 Call,Sell To Close,1,2026-04-30,15:55:01,4.51,450.72,2026-04-30,15:59:07,4.1,6.00,599.28,148.57,1.43,.00,Short,FIFO,O:SPX260430C07210000,,,,
,,,SPX,May 04 2026 04:06 PM ET,SPX Apr 30 '26 $7210 Put,Sell To Close,1,2026-04-30,15:39:24,2.06,205.72,2026-04-30,15:43:28,4.1,1.05,104.28,-101.43,1.43,.00,Short,FIFO,O:SPX260430P07210000,,,,
,,,SPX,May 04 2026 04:06 PM ET,SPX Apr 30 '26 $7210 Put,Sell To Close,10,2026-04-30,15:49:59,0.56,557.16,2026-04-30,15:52:01,2.0,0.90,892.84,335.68,14.32,.00,Short,FIFO,O:SPX260430P07210000,,,,
,,,SPX,May 04 2026 04:06 PM ET,SPX May 01 '26 $7230 Put,Sell To Close,1,2026-05-01,09:34:58,6.81,680.72,2026-05-01,09:54:25,19.4,5.00,499.28,-181.43,1.43,.00,Short,FIFO,O:SPX260501P07230000,,,,
,,,SPX,May 04 2026 04:06 PM ET,SPX May 01 '26 $7235 Put,Sell To Close,1,2026-05-01,15:56:47,0.91,90.72,2026-05-01,15:58:18,1.5,1.80,179.28,88.57,1.43,.00,Short,FIFO,O:SPX260501P07235000,,,,
,,,SPX,May 04 2026 04:06 PM ET,SPX May 01 '26 $7240 Call,Sell To Close,1,2026-05-01,14:34:00,5.21,520.72,2026-05-01,14:34:00,0.0,4.90,489.28,-31.43,1.43,.00,Short,FIFO,O:SPX260501C07240000,,,,
,,,SPX,May 04 2026 04:06 PM ET,SPX May 01 '26 $7240 Put,Sell To Close,1,2026-05-01,15:11:22,3.01,300.72,2026-05-01,15:11:22,0.0,2.55,254.28,-46.43,1.43,.00,Short,FIFO,O:SPX260501P07240000,,,,
,,,SPX,May 04 2026 04:06 PM ET,SPX May 01 '26 $7245 Call,Sell To Close,1,2026-05-01,15:51:02,0.36,35.72,2026-05-01,15:51:02,0.0,0.10,9.28,-26.43,1.43,.00,Short,FIFO,O:SPX260501C07245000,,,,
,,,SPX,May 04 2026 04:06 PM ET,SPX May 01 '26 $7245 Call,Sell To Close,9,2026-05-01,15:51:02,0.36,321.44,2026-05-01,15:59:29,8.4,0.05,38.56,-282.89,12.89,.00,Short,FIFO,O:SPX260501C07245000,,,,
,,,SPX,May 04 2026 04:06 PM ET,SPX May 04 '26 $7200 Call,Sell To Close,1,2026-05-04,15:41:59,3.01,300.72,2026-05-04,15:47:58,6.0,4.60,459.28,158.57,1.43,.00,Short,FIFO,O:SPX260504C07200000,,,,
,,,SPX,May 04 2026 04:06 PM ET,SPX May 04 '26 $7200 Call,Sell To Close,10,2026-05-04,15:55:05,0.66,657.16,2026-05-04,15:55:05,0.0,0.55,542.84,-114.32,14.32,.00,Short,FIFO,O:SPX260504C07200000,,,,
,,,SPX,May 04 2026 04:06 PM ET,SPX May 04 '26 $7200 Call,Sell To Close,10,2026-05-04,15:56:09,0.61,607.16,2026-05-04,15:57:13,1.1,1.00,992.84,385.68,14.32,.00,Short,FIFO,O:SPX260504C07200000,,,,
,,,SPX,May 04 2026 04:06 PM ET,SPX May 04 '26 $7200 Put [EXPIRED],Expired Worthless,10,2026-05-04,15:58:29,0.86,857.16,2026-05-04,16:00:00,,0.00,0.00,-857.16,7.16,.00,Short,FIFO,O:SPX260504P07200000,,,,
