Date,Close_930,VWAP_930,Gap_Pct,Gap_Bucket,Volume,Dir_930,Dir_945,Vol_Spike
2025-10-06,670.3200073242188,670.6766764322916,,Large (>0.5%),6105667,Bear,Bear,Normal Volume
2025-10-07,672.6099853515625,672.5999959309896,0.14294066426511567,Small (<0.2%),4787675,Bull,Bear,Normal Volume
2025-10-08,669.72998046875,669.8602905273438,0.16738079431718944,Small (<0.2%),5013410,Bear,Bull,Normal Volume
2025-10-09,672.719970703125,673.1066487630209,0.07281161380154161,Small (<0.2%),5095279,Bear,Bear,Normal Volume
2025-10-10,673.5599975585938,673.0233357747396,0.1400501255958905,Small (<0.2%),5181007,Bull,Bear,Normal Volume
2025-10-13,661.0900268554688,660.8533325195312,1.154482281945402,Large (>0.5%),11382730,Bull,Bull,Normal Volume
2025-10-14,653.760009765625,654.8233235677084,-0.8868117021440134,Large (>0.5%),9382898,Bear,Bull,Normal Volume
2025-10-15,667.1900024414062,667.0149943033854,0.6976736683814946,Large (>0.5%),7374165,Bull,Bull,Normal Volume
2025-10-16,667.2899780273438,667.0033365885416,0.26162118687441327,Medium (0.2–0.5%),5553189,Bull,Bear,Normal Volume
2025-10-17,658.6500244140625,659.413330078125,-0.17709036893164776,Small (<0.2%),12138893,Bear,Bull,Normal Volume
2025-10-20,668.6900024414062,668.3603312174479,0.4515895903968856,Medium (0.2–0.5%),5907085,Bull,Bull,Normal Volume
2025-10-21,671.1500244140625,671.2100219726562,0.026814151470768485,Small (<0.2%),4267344,Bear,Bear,Normal Volume
2025-10-22,671.7899780273438,671.413330078125,0.11173184357541899,Small (<0.2%),4084177,Bull,Bear,Normal Volume
2025-10-23,669.5349731445312,668.9566446940104,0.04642002361855189,Small (<0.2%),4396502,Bull,Bull,Normal Volume
2025-10-24,677.3400268554688,676.9133504231771,0.7221507611377962,Large (>0.5%),7308127,Bull,Bear,Normal Volume
2025-10-27,682.75,682.6849975585938,0.8299973769061374,Large (>0.5%),6509799,Bull,Bull,Normal Volume
2025-10-28,685.97998046875,686.35498046875,0.27145541308763566,Medium (0.2–0.5%),5194725,Bear,Bear,Normal Volume
2025-10-29,689.22998046875,688.8800048828125,0.2532810684217821,Medium (0.2–0.5%),5360115,Bull,Bull,Normal Volume
2025-10-30,682.4299926757812,682.57666015625,-0.4946840447100954,Medium (0.2–0.5%),8087769,Bear,Bull,Normal Volume
2025-10-31,683.2949829101562,683.7916666666666,0.7456222396080365,Large (>0.5%),6497186,Bear,Bull,Normal Volume
2025-11-03,683.1699829101562,683.989990234375,0.5418098106963651,Large (>0.5%),6472607,Bear,Bear,Normal Volume
2025-11-04,676.9949951171875,676.2783203125,-1.0594849627626137,Large (>0.5%),9145917,Bull,Bull,Normal Volume
2025-11-05,674.4600219726562,674.6564737955729,-0.053313349187253854,Small (<0.2%),5680510,Bear,Bull,Normal Volume
2025-11-06,675.97998046875,676.3516642252604,-0.15203384455719557,Small (<0.2%),4952559,Bear,Bear,Normal Volume
2025-11-07,665.4302978515625,665.9200846354166,-0.34763922233720645,Medium (0.2–0.5%),9918038,Bear,Bull,Normal Volume
2025-11-10,678.77001953125,678.2966918945312,0.9412452456721504,Large (>0.5%),8619513,Bull,Bear,Normal Volume
2025-11-11,680.0468139648438,680.1022745768229,-0.20107953714260476,Medium (0.2–0.5%),3744847,Bear,Bull,Normal Volume
2025-11-12,684.1599731445312,684.3516642252604,0.28116375355264533,Medium (0.2–0.5%),4447167,Bear,Bear,Normal Volume
2025-11-13,677.77001953125,678.723347981771,-0.4075858908054987,Medium (0.2–0.5%),6369349,Bear,Bull,Normal Volume
2025-11-14,666.719970703125,665.614990234375,-0.9924831532339824,Large (>0.5%),12024764,Bull,Bull,High Volume
2025-11-17,671.9849853515625,671.20166015625,-0.4390225691553877,Medium (0.2–0.5%),6663464,Bull,Bull,Normal Volume
2025-11-18,661.8499755859375,662.3550008138021,-0.5400459260461379,Large (>0.5%),10467147,Bear,Bear,High Volume
2025-11-19,663.0150146484375,662.1483357747396,0.09695134884049479,Small (<0.2%),6672977,Bull,Bull,Normal Volume
2025-11-20,673.635009765625,673.4183349609375,1.5483208862085145,Large (>0.5%),10521265,Bull,Bull,Normal Volume
2025-11-21,654.3400268554688,654.9366861979166,0.38618276293109416,Medium (0.2–0.5%),11473032,Bear,Bull,High Volume
2025-11-24,662.8900146484375,663.6000162760416,0.5507851934967081,Large (>0.5%),7210277,Bear,Bull,Normal Volume
2025-11-25,667.3842163085938,668.1847330729166,-0.026912378169927254,Small (<0.2%),6332893,Bear,Bull,Normal Volume
2025-11-26,678.7899780273438,678.3499959309896,0.38963035300925924,Medium (0.2–0.5%),6087530,Bull,Bear,Normal Volume
2025-11-28,681.27001953125,681.2066650390625,0.18097795269678882,Small (<0.2%),3991816,Bull,Bear,Normal Volume
2025-12-01,679.25,679.4333292643229,-0.4706638926614628,Medium (0.2–0.5%),5166359,Bear,Bull,Normal Volume
2025-12-02,682.4099731445312,682.3333333333334,0.24254536162613508,Medium (0.2–0.5%),4330321,Bull,Bear,Normal Volume
2025-12-03,680.8809814453125,680.7736612955729,-0.1335289620548109,Small (<0.2%),6293778,Bull,Bear,Normal Volume
2025-12-04,683.8599243164062,684.2799682617188,0.21789535685273845,Medium (0.2–0.5%),4848258,Bear,Bear,Normal Volume
2025-12-05,685.8300170898438,685.9033406575521,0.1563334674013953,Small (<0.2%),5900245,Bear,Bull,Normal Volume
2025-12-08,685.9199829101562,685.9466756184896,0.1370965372909525,Small (<0.2%),4856609,Bear,Bear,Normal Volume
2025-12-09,683.7000122070312,683.5500081380209,-0.07313683641400236,Small (<0.2%),4633492,Bull,Bull,Normal Volume
2025-12-10,682.666015625,682.3486735026041,-0.0717356332818668,Small (<0.2%),4637194,Bull,Bull,Normal Volume
2025-12-11,685.5850219726562,685.2950032552084,-0.33747523493242904,Medium (0.2–0.5%),6154642,Bull,Bear,Normal Volume
2025-12-12,687.9400024414062,688.17333984375,-0.14221018199041824,Small (<0.2%),5269209,Bear,Bear,Normal Volume
2025-12-15,683.6199951171875,684.3116658528646,0.5882108577457253,Large (>0.5%),7297117,Bear,Bear,Normal Volume
2025-12-16,678.6500854492188,679.1000773111979,-0.21742613684710851,Medium (0.2–0.5%),7781025,Bear,Bull,Normal Volume
2025-12-17,678.52001953125,679.0216674804688,0.15172926952552326,Small (<0.2%),7388264,Bear,Bull,Normal Volume
2025-12-18,676.280029296875,676.9833577473959,0.938475779462056,Large (>0.5%),9461589,Bear,Bull,Normal Volume
2025-12-19,679.4099731445312,678.6083170572916,0.0768713851501807,Small (<0.2%),10558523,Bull,Bull,High Volume
2025-12-22,683.22998046875,683.5666707356771,0.4922163789874204,Medium (0.2–0.5%),6061395,Bear,Bull,Normal Volume
2025-12-23,685.7750244140625,685.1483357747396,-0.1270455387933205,Small (<0.2%),4341829,Bull,Bear,Normal Volume
2025-12-24,688.280029296875,688.2866821289062,0.008721716639677848,Small (<0.2%),3053993,Bear,Bull,Normal Volume
2025-12-26,691.5499877929688,691.1300048828125,0.026793571487608966,Small (<0.2%),3745329,Bull,Bear,Normal Volume
2025-12-29,688.4299926757812,688.2733357747396,-0.39189231489965404,Medium (0.2–0.5%),5387326,Bull,Bear,Normal Volume
2025-12-30,687.1199951171875,687.3633219401041,-0.0574289828778753,Small (<0.2%),2930126,Bear,Bull,Normal Volume
