Date,Open_930,Close_930,Open_945,Close_945,Dir_930,Dir_945,VWAP_Pos,Gap_pct,Gap_Bucket
2024-01-02,472.16,471.8,471.79,472.27,Bear,Bull,Below VWAP,,Large (>0.5%)
2024-01-03,470.43,470.22,470.21,469.97,Bear,Bear,Below VWAP,-0.43809523809523665,Medium (0.2–0.5%)
2024-01-04,468.3,469.0,468.98,468.92,Bull,Bear,Above VWAP,-0.2237136465324409,Medium (0.2–0.5%)
2024-01-05,467.49,468.02,468.02,468.1699,Bull,Bull,Above VWAP,-0.06626763574177047,Small (<0.2%)
2024-01-08,468.43,468.88,468.89,469.73,Bull,Bull,Above VWAP,-0.0042693990820753145,Small (<0.2%)
2024-01-09,471.87,471.82,471.8,472.1625,Bear,Bull,Below VWAP,-0.4934522679825341,Medium (0.2–0.5%)
2024-01-10,474.16,475.16,475.165,474.71,Bull,Bear,Above VWAP,0.07809367019143598,Small (<0.2%)
2024-01-11,477.59,477.12,477.13,476.32,Bear,Bear,Above VWAP,0.1069003102205062,Small (<0.2%)
2024-01-12,477.84,478.3796,478.375,477.12,Bull,Bear,Above VWAP,0.5005678711142884,Large (>0.5%)
2024-01-16,475.26,474.11,474.13,474.5,Bear,Bull,Below VWAP,-0.0819930621255096,Small (<0.2%)
2024-01-17,471.82,471.28,471.27,471.325,Bear,Bull,Below VWAP,-0.6171669299631399,Large (>0.5%)
2024-01-18,474.01,473.75,473.76,473.87,Bear,Bull,Below VWAP,0.3578082655826553,Medium (0.2–0.5%)
2024-01-19,477.65,477.05,477.05,477.91,Bear,Bull,Below VWAP,0.19087972479757692,Small (<0.2%)
2024-01-22,484.01,484.48,484.48,485.02,Bull,Bull,Above VWAP,0.2838554616277152,Medium (0.2–0.5%)
2024-01-23,484.01,483.84,483.85,483.96,Bear,Bull,Below VWAP,0.09719981800884527,Small (<0.2%)
2024-01-24,487.81,487.369,487.37,487.09,Bear,Bear,Below VWAP,0.3786241949091456,Medium (0.2–0.5%)
2024-01-25,487.575,486.98,486.99,487.32,Bear,Bull,Below VWAP,0.4336004284507717,Medium (0.2–0.5%)
2024-01-26,487.59,487.89,487.89,487.7001,Bull,Bear,Above VWAP,0.13348667186921945,Small (<0.2%)
2024-01-29,487.73,487.87,487.87,488.03,Bull,Bull,Above VWAP,0.20133538777606946,Medium (0.2–0.5%)
2024-01-30,490.56,491.045,491.05,491.2601,Bull,Bull,Above VWAP,-0.14858841010401558,Small (<0.2%)
2024-01-31,488.62,488.02,488.0,487.7602,Bear,Bear,Below VWAP,-0.1206026041986008,Small (<0.2%)
2024-02-01,484.63,485.5543,485.54,485.08,Bull,Bear,Above VWAP,0.12602785008884212,Small (<0.2%)
2024-02-02,489.65,490.23,490.23,490.49,Bull,Bull,Below VWAP,-0.4250213527473933,Medium (0.2–0.5%)
2024-02-05,493.695,493.23,493.235,493.44,Bear,Bull,Below VWAP,0.017220072526889556,Small (<0.2%)
2024-02-06,493.52,494.14,494.14,493.0095,Bull,Bear,Above VWAP,0.19286598859045184,Small (<0.2%)
2024-02-07,496.29,495.5596,495.56,495.89,Bear,Bull,Below VWAP,0.5001822526426688,Large (>0.5%)
2024-02-08,498.1,497.86,497.86,497.9975,Bear,Bull,Below VWAP,0.06830601092896814,Small (<0.2%)
2024-02-09,498.84,499.205,499.21,499.5,Bull,Bull,Below VWAP,0.15660763763401453,Small (<0.2%)
2024-02-12,501.17,501.34,501.34,501.43,Bull,Bull,Above VWAP,0.03393213572854609,Small (<0.2%)
2024-02-13,494.53,494.275,494.27,493.825,Bear,Bear,Below VWAP,-1.1335465813674563,Large (>0.5%)
2024-02-14,496.79,496.67,496.67,496.88,Bear,Bull,Above VWAP,0.5098427984704794,Large (>0.5%)
2024-02-15,499.29,499.62,499.61,499.6499,Bull,Bull,Below VWAP,0.12834653564625353,Small (<0.2%)
2024-02-16,501.7,500.8375,500.825,499.66,Bear,Bear,Below VWAP,0.017942226032171403,Small (<0.2%)
2024-02-20,497.72,496.714,496.71,496.6801,Bear,Bear,Below VWAP,-0.12641717668305316,Small (<0.2%)
2024-02-21,495.42,495.19,495.18,495.26,Bear,Bull,Below VWAP,-0.12901665121154424,Small (<0.2%)
2024-02-22,504.01,503.67,503.69,504.99,Bear,Bull,Above VWAP,0.6188736499570713,Large (>0.5%)
2024-02-23,509.27,510.08,510.09,509.74,Bull,Bear,Above VWAP,0.38041550045334627,Medium (0.2–0.5%)
2024-02-26,508.3,508.16,508.17,508.215,Bear,Bull,Below VWAP,0.24652401143871414,Medium (0.2–0.5%)
2024-02-27,506.7,505.77,505.77,506.12,Bear,Bull,Below VWAP,0.18990009878601413,Small (<0.2%)
2024-02-28,505.33,505.6499,505.64,505.33,Bull,Bear,Above VWAP,-0.2703769488849427,Medium (0.2–0.5%)
2024-02-29,508.07,508.44,508.45,508.49,Bull,Bull,Above VWAP,0.45475216007276265,Medium (0.2–0.5%)
2024-03-01,508.98,509.07,509.04,509.08,Bull,Bull,Above VWAP,0.07865035982540292,Small (<0.2%)
2024-03-04,512.03,512.39,512.38,512.505,Bull,Bull,Above VWAP,0.0039061737075412216,Small (<0.2%)
2024-03-05,510.24,509.91,509.91,509.66,Bear,Bear,Below VWAP,-0.26388318770890085,Medium (0.2–0.5%)
2024-03-06,510.55,510.155,510.15,509.91,Bear,Bear,Above VWAP,0.7061561828116031,Large (>0.5%)
2024-03-07,513.14,512.78,512.785,513.406,Bear,Bull,Below VWAP,0.8232635818842711,Large (>0.5%)
2024-03-08,515.46,516.55,516.55,517.76,Bull,Bull,Above VWAP,0.10681478316600342,Small (<0.2%)
2024-03-11,510.48,510.555,510.56,509.4299,Bull,Bear,Above VWAP,-0.22672191384566653,Medium (0.2–0.5%)
2024-03-12,513.45,511.39,511.4,513.44,Bear,Bull,Below VWAP,0.1482377265013928,Small (<0.2%)
2024-03-13,517.11,516.185,516.2,516.08,Bear,Bear,Below VWAP,0.019341985648251046,Small (<0.2%)
2024-03-14,516.97,516.74,516.73,513.98,Bear,Bear,Below VWAP,0.08130868260576378,Small (<0.2%)
2024-03-15,510.21,509.81,509.83,509.84,Bear,Bull,Below VWAP,-0.7856101118133243,Large (>0.5%)
2024-03-18,514.0,514.38,514.385,513.835,Bull,Bear,Above VWAP,0.825830243825885,Large (>0.5%)
2024-03-19,512.15,511.37,511.38,511.6899,Bear,Bull,Below VWAP,-0.06244267957149687,Small (<0.2%)
2024-03-20,515.77,515.32,515.32,515.43,Bear,Bull,Below VWAP,0.06208167620524519,Small (<0.2%)
2024-03-21,523.39,523.52,523.5,523.43,Bull,Bear,Above VWAP,0.289261677579763,Medium (0.2–0.5%)
2024-03-22,522.11,521.75,521.79,521.77,Bear,Bear,Below VWAP,-0.14153198814191625,Small (<0.2%)
2024-03-25,519.8,519.735,519.745,520.3,Bear,Bull,Below VWAP,-0.18242918867019597,Small (<0.2%)
2024-03-26,521.23,521.155,521.165,521.25,Bear,Bull,Below VWAP,0.14602186485291963,Small (<0.2%)
2024-03-27,521.71,521.44,521.44,520.89,Bear,Bear,Above VWAP,0.384830001346905,Medium (0.2–0.5%)
2024-03-28,523.21,523.25,523.28,523.24,Bull,Bear,Above VWAP,0.14930229887259278,Small (<0.2%)
2024-04-01,523.83,524.205,524.21,524.095,Bull,Bear,Above VWAP,0.16827612582464774,Small (<0.2%)
2024-04-02,518.24,517.47,517.47,517.6,Bear,Bull,Below VWAP,-0.6575037859182913,Large (>0.5%)
2024-04-03,517.72,518.315,518.31,518.39,Bull,Bull,Above VWAP,-0.19278223318938925,Small (<0.2%)
2024-04-04,523.52,523.14,523.14,522.84,Bear,Bear,Above VWAP,0.5415786441328858,Large (>0.5%)
2024-04-05,514.46,515.375,515.38,515.92,Bull,Bull,Above VWAP,0.21037048580000017,Medium (0.2–0.5%)
2024-04-08,519.15,518.68,518.7,518.83,Bear,Bull,Below VWAP,0.1234305992169845,Small (<0.2%)
2024-04-09,520.5,519.835,519.82,518.88,Bear,Bear,Below VWAP,0.3257454559472745,Medium (0.2–0.5%)
2024-04-10,513.48,514.0506,514.06,513.985,Bull,Bear,Above VWAP,-1.1683187373688648,Large (>0.5%)
2024-04-11,515.68,514.365,514.37,514.61,Bear,Bull,Below VWAP,0.4812844644492339,Medium (0.2–0.5%)
2024-04-12,514.37,515.1651,515.18,515.34,Bull,Bull,Above VWAP,-0.7486734201640126,Large (>0.5%)
2024-04-15,515.13,515.045,515.06,514.89,Bear,Bear,Above VWAP,1.009843523275418,Large (>0.5%)
2024-04-16,504.94,503.89,503.89,504.44,Bear,Bull,Below VWAP,0.08919899304247629,Small (<0.2%)
2024-04-17,506.05,505.955,505.96,505.29,Bear,Bear,Above VWAP,0.22578281277851225,Medium (0.2–0.5%)
2024-04-18,501.98,500.3491,500.36,501.18,Bear,Bull,Below VWAP,0.18361074522013648,Small (<0.2%)
2024-04-19,499.44,500.01,500.019,499.64,Bull,Bear,Above VWAP,0.15240234218336224,Small (<0.2%)
2024-04-22,497.83,497.29,497.29,497.59,Bear,Bull,Below VWAP,0.6306725152109326,Large (>0.5%)
2024-04-23,501.78,501.935,501.97,503.07,Bull,Bull,Above VWAP,0.48663262240912186,Medium (0.2–0.5%)
2024-04-24,506.56,506.96,506.98,506.2499,Bull,Bear,Above VWAP,0.025669885275357986,Small (<0.2%)
2024-04-25,499.18,499.15,499.14,498.2,Bear,Bear,Below VWAP,-0.65081102597273,Large (>0.5%)
2024-04-26,506.35,506.9,506.9,507.84,Bull,Bull,Below VWAP,-0.1459307026366034,Small (<0.2%)
2024-04-29,510.09,509.29,509.3,509.58,Bear,Bull,Below VWAP,0.2752167331773727,Medium (0.2–0.5%)
2024-04-30,508.56,509.42,509.43,509.1308,Bull,Bear,Above VWAP,-0.24910264205715277,Medium (0.2–0.5%)
2024-05-01,501.38,500.995,501.01,500.81,Bear,Bear,Below VWAP,0.01595850787951009,Small (<0.2%)
2024-05-02,504.15,502.47,502.5,501.99,Bear,Bear,Below VWAP,0.37030400764497734,Medium (0.2–0.5%)
2024-05-03,511.16,511.05,511.04,511.57,Bear,Bull,Above VWAP,0.9220320243242741,Large (>0.5%)
2024-05-06,513.75,514.19,514.18,514.205,Bull,Bull,Above VWAP,0.2791224234853119,Medium (0.2–0.5%)
2024-05-07,517.56,517.534,517.56,517.18,Bear,Bear,Above VWAP,0.2149288411269048,Medium (0.2–0.5%)
2024-05-08,515.26,515.86,515.88,516.5085,Bull,Bull,Above VWAP,-0.39820613933349935,Medium (0.2–0.5%)
2024-05-09,517.38,516.995,517.0,517.5818,Bear,Bull,Below VWAP,0.07543666221783522,Small (<0.2%)
2024-05-10,521.81,522.26,522.26,522.42,Bull,Bull,Above VWAP,0.24012601813431694,Medium (0.2–0.5%)
2024-05-13,522.56,521.42,521.42,521.695,Bear,Bull,Below VWAP,0.5077704262194158,Large (>0.5%)
2024-05-14,521.11,521.53,521.53,521.3,Bull,Bear,Above VWAP,0.06144511223334742,Small (<0.2%)
2024-05-15,525.83,526.18,526.17,525.67,Bull,Bear,Above VWAP,0.42589763177998824,Medium (0.2–0.5%)
2024-05-16,529.88,530.0275,530.02,530.22,Bull,Bull,Below VWAP,-0.056584556188455724,Small (<0.2%)
2024-05-17,528.81,528.55,528.56,528.745,Bear,Bull,Below VWAP,0.01891396039414973,Small (<0.2%)
2024-05-20,529.57,530.16,530.14,531.1679,Bull,Bull,Above VWAP,-0.005664652567970679,Small (<0.2%)
2024-05-21,529.28,529.68,529.66,529.52,Bull,Bear,Above VWAP,-0.11700320815248245,Small (<0.2%)
2024-05-22,530.65,531.05,531.06,531.15,Bull,Bull,Above VWAP,-0.14113662024840046,Small (<0.2%)
2024-05-23,532.96,531.77,531.68,529.96,Bear,Bear,Below VWAP,0.3691148775894607,Medium (0.2–0.5%)
2024-05-24,527.85,527.918,527.91,527.202,Bull,Bear,Above VWAP,0.3326363809161756,Medium (0.2–0.5%)
2024-05-28,530.27,529.9195,529.9,529.355,Bear,Bear,Below VWAP,0.1681211983830115,Small (<0.2%)
2024-05-29,525.68,525.515,525.51,526.205,Bear,Bull,Below VWAP,-0.6782927428344762,Large (>0.5%)
2024-05-30,524.52,524.38,524.38,524.59,Bear,Bull,Above VWAP,0.07631840036632398,Small (<0.2%)
2024-05-31,523.59,524.62,524.63,523.15,Bull,Bear,Above VWAP,0.33919742439921463,Medium (0.2–0.5%)
2024-06-03,529.02,528.67,528.68,527.92,Bear,Bear,Below VWAP,0.15145204649576965,Small (<0.2%)
2024-06-04,526.46,526.41,526.4,526.49,Bear,Bull,Above VWAP,-0.20283206642275065,Medium (0.2–0.5%)
2024-06-05,530.77,530.23,530.24,530.08,Bear,Bear,Above VWAP,0.31563031563030786,Medium (0.2–0.5%)
2024-06-06,534.98,535.3999,535.38,534.345,Bull,Bear,Above VWAP,0.0,Small (<0.2%)
2024-06-07,533.66,533.735,533.72,534.0399,Bull,Bull,Above VWAP,-0.15528821867575462,Small (<0.2%)
2024-06-10,533.18,532.85,532.84,533.09,Bear,Bull,Below VWAP,-0.031874003937390594,Small (<0.2%)
2024-06-11,534.07,533.21,533.21,532.765,Bear,Bear,Below VWAP,-0.20145825052914315,Medium (0.2–0.5%)
2024-06-12,541.63,542.6701,542.66,542.6887,Bull,Bull,Above VWAP,0.8565817285033845,Large (>0.5%)
2024-06-13,543.15,542.62,542.62,541.99,Bear,Bear,Below VWAP,0.16966969736089096,Small (<0.2%)
2024-06-14,540.88,541.33,541.34,541.53,Bull,Bull,Above VWAP,-0.2986175115207382,Medium (0.2–0.5%)
2024-06-17,542.08,542.18,542.2,542.1,Bull,Bear,Above VWAP,-0.14184397163120233,Small (<0.2%)
2024-06-18,547.16,547.86,547.86,547.53,Bull,Bear,Above VWAP,-0.06940132227782363,Small (<0.2%)
2024-06-20,549.44,549.95,549.9401,549.61,Bull,Bear,Above VWAP,0.1166180758017675,Small (<0.2%)
2024-06-21,544.4,543.874,543.84,543.85,Bear,Bull,Below VWAP,-0.5062412047444089,Large (>0.5%)
2024-06-24,544.33,543.905,543.89,545.655,Bear,Bull,Below VWAP,-0.005511058858103592,Small (<0.2%)
2024-06-25,543.99,543.672,543.65,543.1,Bear,Bear,Below VWAP,0.1675627900125153,Small (<0.2%)
2024-06-26,543.69,543.64,543.64,544.115,Bear,Bull,Below VWAP,-0.18355401551487407,Small (<0.2%)
2024-06-27,545.37,546.66,546.66,546.11,Bull,Bear,Above VWAP,0.25552410015073834,Medium (0.2–0.5%)
2024-06-28,547.16,547.88,547.87,548.055,Bull,Bull,Above VWAP,0.014623089858873884,Small (<0.2%)
2024-07-01,545.63,545.08,545.07,544.77,Bear,Bear,Below VWAP,0.09326359476492062,Small (<0.2%)
2024-07-02,543.7,545.16,545.14,545.125,Bull,Bear,Above VWAP,-0.22022389429251824,Medium (0.2–0.5%)
2024-07-03,548.69,549.27,549.25,549.58,Bull,Bull,Above VWAP,0.07844819582829941,Small (<0.2%)
2024-07-05,551.77,552.22,552.21,552.53,Bull,Bull,Above VWAP,0.11430852414994293,Small (<0.2%)
2024-07-08,555.44,555.84,555.85,556.02,Bull,Bull,Above VWAP,0.23821554897856964,Medium (0.2–0.5%)
2024-07-09,556.26,556.465,556.46,556.67,Bull,Bull,Above VWAP,-0.0251617541337143,Small (<0.2%)
2024-07-10,557.07,557.01,557.01,557.28,Bear,Bull,Below VWAP,0.19064405316452207,Small (<0.2%)
2024-07-11,561.44,561.9583,561.97,561.95,Bull,Bear,Above VWAP,0.06951252116568934,Small (<0.2%)
2024-07-12,557.63,557.5801,557.585,558.8799,Bear,Bull,Above VWAP,0.21566055029384568,Medium (0.2–0.5%)
2024-07-15,562.03,561.87,561.89,561.92,Bear,Bull,Below VWAP,0.4037372492273596,Medium (0.2–0.5%)
2024-07-16,562.865,563.11,563.11,563.08,Bull,Bear,Above VWAP,0.11472377361175018,Small (<0.2%)
2024-07-17,558.8,559.455,559.43,559.875,Bull,Bull,Below VWAP,-0.9922041105598908,Large (>0.5%)
2024-07-18,558.51,558.0,558.02,558.845,Bear,Bull,Below VWAP,0.07704988532109194,Small (<0.2%)
2024-07-19,552.42,552.9,552.9,552.99,Bull,Bull,Below VWAP,-0.2131502890173525,Medium (0.2–0.5%)
2024-07-22,553.0,553.53,553.53,552.6601,Bull,Bear,Above VWAP,0.7194244604316631,Large (>0.5%)
2024-07-23,554.54,555.62,555.61,555.52,Bull,Bear,Above VWAP,0.046907700079380624,Small (<0.2%)
2024-07-24,548.86,547.94,547.97,546.76,Bear,Bear,Below VWAP,-0.44981318242826895,Medium (0.2–0.5%)
2024-07-25,541.35,540.9,540.88,539.858,Bear,Bear,Above VWAP,-0.20462338236920943,Medium (0.2–0.5%)
2024-07-26,542.28,543.0,543.0,542.9,Bull,Bear,Above VWAP,0.5469749504014113,Large (>0.5%)
2024-07-29,546.02,546.0,546.0,546.63,Bear,Bull,Above VWAP,0.32153159277564447,Medium (0.2–0.5%)
2024-07-30,546.26,546.585,546.59,546.25,Bull,Bear,Above VWAP,0.5170668874781388,Large (>0.5%)
2024-07-31,548.98,547.76,547.76,548.74,Bear,Bull,Below VWAP,1.1534492924528283,Large (>0.5%)
2024-08-01,552.57,554.58,554.6,554.04,Bull,Bear,Above VWAP,-0.16080656235319377,Small (<0.2%)
2024-08-02,535.75,536.19,536.16,534.13,Bull,Bear,Above VWAP,-0.990263688384797,Large (>0.5%)
2024-08-05,511.64,514.11,514.11,515.22,Bull,Bull,Above VWAP,-3.6912941176470615,Large (>0.5%)
2024-08-06,519.22,518.53,518.52,521.8858,Bear,Bull,Below VWAP,-0.7075652107396796,Large (>0.5%)
2024-08-07,528.47,529.845,529.85,531.01,Bull,Bull,Above VWAP,1.6405739123744993,Large (>0.5%)
2024-08-08,523.91,522.98,523.01,525.04,Bear,Bull,Above VWAP,1.5408171176060026,Large (>0.5%)
2024-08-09,529.81,529.25,529.26,529.27,Bear,Bull,Below VWAP,-0.3348445230346858,Medium (0.2–0.5%)
2024-08-12,534.21,532.0415,532.06,531.41,Bear,Bear,Below VWAP,0.22889735267078692,Medium (0.2–0.5%)
2024-08-13,536.53,537.59,537.6,537.78,Bull,Bull,Above VWAP,0.6094359435943595,Large (>0.5%)
2024-08-14,542.85,541.65,541.67,541.49,Bear,Bear,Below VWAP,0.167915267372766,Small (<0.2%)
2024-08-15,549.5,549.2832,549.32,550.17,Bear,Bull,Above VWAP,1.0611884575064796,Large (>0.5%)
2024-08-16,551.42,551.96,551.97,552.27,Bull,Bull,Above VWAP,-0.3847890886098809,Medium (0.2–0.5%)
2024-08-19,554.73,555.1701,555.19,554.98,Bull,Bear,Above VWAP,0.14984654269724515,Small (<0.2%)
2024-08-20,559.15,560.1,560.11,560.745,Bull,Bull,Above VWAP,-0.028606676083025192,Small (<0.2%)
2024-08-21,559.77,560.02,560.02,560.35,Bull,Bull,Above VWAP,0.2202169943065883,Medium (0.2–0.5%)
2024-08-22,562.56,562.725,562.73,562.3599,Bull,Bear,Above VWAP,0.24769677637792226,Medium (0.2–0.5%)
2024-08-23,559.53,559.32,559.32,559.78,Bear,Bull,Above VWAP,0.4235691081716557,Medium (0.2–0.5%)
2024-08-26,563.18,563.35,563.36,563.0,Bull,Bear,Above VWAP,0.15828131391274725,Small (<0.2%)
2024-08-27,559.49,558.91,558.93,559.825,Bear,Bull,Below VWAP,-0.1427832015563288,Small (<0.2%)
2024-08-28,561.21,560.945,560.985,561.08,Bear,Bull,Below VWAP,0.08024823453884826,Small (<0.2%)
2024-08-29,560.31,559.71,559.71,561.1,Bear,Bull,Below VWAP,1.0550806189806134,Large (>0.5%)
2024-08-30,560.77,561.6,561.62,561.7219,Bull,Bull,Above VWAP,0.341767168879499,Medium (0.2–0.5%)
2024-09-03,560.47,559.73,559.68,559.08,Bear,Bear,Below VWAP,-0.5288845505368743,Large (>0.5%)
2024-09-04,550.2,551.54,551.52,552.49,Bull,Bull,Above VWAP,-0.14519056261342186,Small (<0.2%)
2024-09-05,550.89,551.59,551.6,551.96,Bull,Bull,Above VWAP,0.11085265682925305,Small (<0.2%)
2024-09-06,549.94,549.94,549.9226,547.8901,Doji,Bear,Above VWAP,0.16209816956563156,Small (<0.2%)
2024-09-09,544.65,544.665,544.67,545.3,Bull,Bull,Above VWAP,1.085746102449893,Large (>0.5%)
2024-09-10,548.36,548.51,548.5,547.8699,Bull,Bear,Above VWAP,0.22480946027452672,Medium (0.2–0.5%)
2024-09-11,548.7,546.16,546.16,544.69,Bear,Bear,Below VWAP,0.07295276308591847,Small (<0.2%)
2024-09-12,555.01,554.69,554.69,553.77,Bear,Bear,Below VWAP,0.12628312677022704,Small (<0.2%)
2024-09-13,559.71,560.83,560.83,560.9301,Bull,Bull,Above VWAP,0.08404262928260268,Small (<0.2%)
2024-09-16,561.74,561.03,561.05,562.48,Bear,Bull,Below VWAP,0.016024214368384554,Small (<0.2%)
2024-09-17,565.1,565.18,565.17,564.49,Bull,Bear,Above VWAP,0.4729393357513633,Medium (0.2–0.5%)
2024-09-18,563.74,563.315,563.31,563.0,Bear,Bear,Below VWAP,0.04969296844496019,Small (<0.2%)
2024-09-19,571.01,569.17,569.17,569.58,Bear,Bull,Below VWAP,1.0637168141592905,Large (>0.5%)
2024-09-20,567.84,567.85,567.84,567.149,Bull,Bear,Below VWAP,-0.4226216571679032,Medium (0.2–0.5%)
2024-09-23,569.34,568.96,568.94,568.8,Bear,Bear,Above VWAP,0.20945172929685024,Medium (0.2–0.5%)
2024-09-24,570.48,569.83,569.8399,569.332,Bear,Bear,Below VWAP,0.2072720885297846,Medium (0.2–0.5%)
2024-09-25,571.14,571.39,571.39,571.54,Bull,Bull,Above VWAP,-0.014005111865838193,Small (<0.2%)
2024-09-26,574.38,573.62,573.61,573.545,Bear,Bear,Below VWAP,0.6025151504536275,Large (>0.5%)
2024-09-27,573.39,572.9,572.91,573.0,Bear,Bull,Below VWAP,0.1729559748427689,Small (<0.2%)
2024-09-30,570.42,571.01,570.99,570.6492,Bull,Bear,Above VWAP,-0.04380815532619553,Small (<0.2%)
2024-10-01,573.4,570.2199,570.21,569.56,Bear,Bear,Below VWAP,0.0279115204800726,Small (<0.2%)
2024-10-02,567.71,565.34,565.33,567.08,Bear,Bull,Below VWAP,-0.008806537973783734,Small (<0.2%)
2024-10-03,567.36,567.25,567.27,567.84,Bear,Bull,Below VWAP,-0.4194822290478256,Medium (0.2–0.5%)
2024-10-04,572.35,571.87,571.89,570.11,Bear,Bear,Above VWAP,0.8013207465091993,Large (>0.5%)
2024-10-07,571.3,571.05,571.05,570.72,Bear,Bear,Above VWAP,-0.17647778301969055,Small (<0.2%)
2024-10-08,570.42,569.96,569.97,570.7403,Bear,Bull,Above VWAP,0.4791262991016229,Medium (0.2–0.5%)
2024-10-09,573.16,573.16,573.165,573.532,Doji,Bull,Above VWAP,0.0837989656005036,Small (<0.2%)
2024-10-10,575.77,575.31,575.31,575.39,Bear,Bull,Below VWAP,-0.2131715771230534,Medium (0.2–0.5%)
2024-10-11,576.05,576.825,576.83,577.39,Bull,Bull,Above VWAP,-0.12483312238847848,Small (<0.2%)
2024-10-14,581.22,582.07,582.11,583.3,Bull,Bull,Above VWAP,0.45108103904184405,Medium (0.2–0.5%)
2024-10-15,584.59,584.36,584.36,584.215,Bear,Bear,Below VWAP,-0.020522994304869858,Small (<0.2%)
2024-10-16,579.78,579.062,579.09,579.15,Bear,Bull,Below VWAP,-0.013796433621915795,Small (<0.2%)
2024-10-17,585.91,584.26,584.26,584.06,Bear,Bear,Below VWAP,0.751453038484026,Large (>0.5%)
2024-10-18,584.07,583.88,583.8637,583.28,Bear,Bear,Above VWAP,0.20072053525477315,Medium (0.2–0.5%)
2024-10-21,583.85,584.05,584.03,584.0399,Bull,Bull,Above VWAP,-0.14878916404432968,Small (<0.2%)
2024-10-22,581.05,580.92,580.95,581.32,Bear,Bull,Above VWAP,-0.4386490978564554,Medium (0.2–0.5%)
2024-10-23,581.26,581.1899,581.18,581.31,Bear,Bull,Below VWAP,-0.3104258493834461,Medium (0.2–0.5%)
2024-10-24,579.98,579.08,579.095,579.39,Bear,Bull,Below VWAP,0.24543694690266749,Medium (0.2–0.5%)
2024-10-25,581.51,582.555,582.555,583.3,Bull,Bull,Above VWAP,0.37109914388290133,Medium (0.2–0.5%)
2024-10-28,582.58,581.65,581.65,581.49,Bear,Bear,Below VWAP,0.8011073622285656,Large (>0.5%)
2024-10-29,579.85,579.35,579.3301,579.97,Bear,Bull,Below VWAP,-0.15153341483994204,Small (<0.2%)
2024-10-30,581.29,579.77,579.765,581.85,Bear,Bull,Below VWAP,-0.3018609038675913,Medium (0.2–0.5%)
2024-10-31,575.56,575.0382,575.02,573.76,Bear,Bear,Below VWAP,-0.4049143450424004,Medium (0.2–0.5%)
2024-11-01,571.32,572.7601,572.8,573.12,Bull,Bull,Above VWAP,0.33719704952582946,Medium (0.2–0.5%)
2024-11-04,571.18,571.03,571.03,571.52,Bear,Bull,Above VWAP,-0.021004726063365054,Small (<0.2%)
2024-11-05,570.74,572.23,572.22,573.98,Bull,Bull,Above VWAP,0.20365883633553988,Medium (0.2–0.5%)
2024-11-06,589.2,587.94,587.91,586.11,Bear,Bear,Below VWAP,1.7458250451872757,Large (>0.5%)
2024-11-07,593.08,593.19,593.19,594.0,Bull,Bull,Above VWAP,0.4437218439860455,Medium (0.2–0.5%)
2024-11-08,596.17,596.43,596.46,597.16,Bull,Bull,Above VWAP,0.0738589629530057,Small (<0.2%)
2024-11-11,599.81,599.3846,599.39,599.1619,Bear,Bear,Below VWAP,0.3026755852842718,Medium (0.2–0.5%)
2024-11-12,598.68,599.0425,599.04,598.95,Bull,Bear,Above VWAP,0.09027986758952146,Small (<0.2%)
2024-11-13,597.37,597.72,597.705,597.1,Bull,Bear,Above VWAP,0.21049622623278952,Medium (0.2–0.5%)
2024-11-14,597.32,595.92,595.91,596.41,Bear,Bull,Below VWAP,-0.016738642830824053,Small (<0.2%)
2024-11-15,589.72,589.28,589.3,588.66,Bear,Bear,Below VWAP,-0.37335495751185493,Medium (0.2–0.5%)
2024-11-18,586.22,586.11,586.1,585.72,Bear,Bear,Above VWAP,0.003411804844759776,Small (<0.2%)
2024-11-19,584.71,585.67,585.68,585.2501,Bull,Bear,Above VWAP,-0.566288007618517,Large (>0.5%)
2024-11-20,590.38,588.31,588.27,587.43,Bear,Bear,Below VWAP,-0.17078408495239875,Small (<0.2%)
2024-11-21,593.4,589.87,589.875,589.78,Bear,Bear,Below VWAP,0.8309119641127569,Large (>0.5%)
2024-11-22,593.66,595.58,595.61,595.97,Bull,Bull,Above VWAP,0.1163633910653053,Small (<0.2%)
2024-11-25,599.52,600.48,600.49,599.26,Bull,Bear,Above VWAP,0.5147120462737759,Large (>0.5%)
2024-11-26,598.8,598.75,598.77,599.02,Bear,Bull,Below VWAP,0.5930082147596843,Large (>0.5%)
2024-11-27,600.46,600.57,600.58,600.44,Bull,Bear,Above VWAP,-0.10647146897354622,Small (<0.2%)
2024-11-29,599.66,600.31,600.31,600.71,Bull,Bull,Above VWAP,0.0433767100433752,Small (<0.2%)
2024-12-02,602.97,602.885,602.895,602.8699,Bear,Bear,Below VWAP,-0.02487067250298071,Small (<0.2%)
2024-12-03,603.39,602.8712,602.88,603.35,Bear,Bull,Below VWAP,-0.038103442563205026,Small (<0.2%)
2024-12-04,605.63,605.69,605.7,605.89,Bull,Bull,Below VWAP,0.23831903237076638,Medium (0.2–0.5%)
2024-12-05,607.66,607.635,607.65,607.79,Bear,Bull,Above VWAP,0.12852623253361006,Small (<0.2%)
2024-12-06,607.44,608.2,608.2,608.98,Bull,Bull,Above VWAP,0.20124707202006323,Medium (0.2–0.5%)
2024-12-09,607.69,607.32,607.33,607.46,Bear,Bull,Below VWAP,0.05268617152642541,Small (<0.2%)
2024-12-10,605.37,604.9,604.91,605.09,Bear,Bull,Below VWAP,0.15717547400814758,Small (<0.2%)
2024-12-11,605.78,606.02,606.01,606.61,Bull,Bull,Above VWAP,0.434378937595332,Medium (0.2–0.5%)
2024-12-12,606.58,606.39,606.39,606.1999,Bear,Bear,Above VWAP,-0.029665765706366597,Small (<0.2%)
2024-12-13,606.4,606.8298,606.83,606.15,Bull,Bear,Above VWAP,0.16848921338663017,Small (<0.2%)
2024-12-16,606.0,605.72,605.75,606.27,Bear,Bull,Below VWAP,0.35604868758797337,Medium (0.2–0.5%)
2024-12-17,604.19,604.52,604.5,604.4,Bull,Bear,Above VWAP,-0.2953892867751351,Medium (0.2–0.5%)
2024-12-18,603.98,603.825,603.83,604.6099,Bear,Bull,Below VWAP,-0.018209207237334442,Small (<0.2%)
2024-12-19,591.36,591.14,591.16,590.53,Bear,Bear,Below VWAP,0.602225170970699,Large (>0.5%)
2024-12-20,581.77,582.84,582.87,582.06,Bull,Bear,Above VWAP,-0.4347007581591901,Medium (0.2–0.5%)
2024-12-23,590.89,590.57,590.57,590.45,Bear,Bear,Below VWAP,-0.20772816321016319,Medium (0.2–0.5%)
2024-12-24,596.06,596.795,596.8,597.2,Bull,Bull,Above VWAP,0.23711426889766554,Medium (0.2–0.5%)
2024-12-26,599.5,599.8659,599.87,599.9,Bull,Bull,Above VWAP,-0.266178672433875,Medium (0.2–0.5%)
2024-12-27,597.54,596.52,596.51,596.82,Bear,Bull,Below VWAP,-0.4780066954247939,Medium (0.2–0.5%)
2024-12-30,587.89,586.15,586.17,585.22,Bear,Bear,Below VWAP,-1.1999394988487952,Large (>0.5%)
2024-12-31,589.905,589.125,589.15,590.015,Bear,Bull,Below VWAP,0.4435552528520379,Medium (0.2–0.5%)
2025-01-02,589.39,587.14,587.15,590.17,Bear,Bull,Below VWAP,0.49102308724095645,Medium (0.2–0.5%)
2025-01-03,587.53,589.29,589.2808,588.01,Bull,Bear,Above VWAP,0.285051036083699,Medium (0.2–0.5%)
2025-01-06,596.27,597.19,597.19,597.88,Bull,Bull,Above VWAP,0.714461740007126,Large (>0.5%)
2025-01-07,597.42,596.915,596.91,596.34,Bear,Bear,Above VWAP,0.31399546637562,Medium (0.2–0.5%)
2025-01-08,588.7,587.79,587.76,587.38,Bear,Bear,Below VWAP,-0.1323200108570219,Small (<0.2%)
2025-01-10,585.88,584.48,584.52,582.98,Bear,Bear,Below VWAP,-0.38934321709709163,Medium (0.2–0.5%)
2025-01-13,575.77,576.87,576.85,577.87,Bull,Bull,Above VWAP,-0.6919328429993598,Large (>0.5%)
2025-01-14,584.36,584.8051,584.79,582.3,Bull,Bear,Above VWAP,0.19890260631000825,Small (<0.2%)
2025-01-15,590.325,591.16,591.16,591.93,Bull,Bull,Above VWAP,1.3172573586201097,Large (>0.5%)
2025-01-16,594.175,593.15,593.15,592.185,Bear,Bear,Below VWAP,0.08674999157766843,Small (<0.2%)
2025-01-17,596.96,596.12,596.13,596.29,Bear,Bull,Above VWAP,0.9213707291508252,Large (>0.5%)
2025-01-21,600.67,600.18,600.17,600.52,Bear,Bull,Below VWAP,0.498586223627617,Medium (0.2–0.5%)
2025-01-22,605.92,605.76,605.79,606.4906,Bear,Bull,Above VWAP,0.25812429677674653,Medium (0.2–0.5%)
2025-01-23,605.8,606.175,606.18,606.2259,Bull,Bull,Above VWAP,-0.011553633617781046,Small (<0.2%)
2025-01-24,609.81,610.215,610.26,610.33,Bull,Bull,Above VWAP,0.12971659387211645,Small (<0.2%)
2025-01-27,594.81,597.57,597.61,598.62,Bull,Bull,Above VWAP,-2.087277156825637,Large (>0.5%)
2025-01-28,600.62,598.39,598.41,598.9351,Bear,Bull,Below VWAP,0.24200143531886537,Medium (0.2–0.5%)
2025-01-29,603.72,602.69,602.67,603.27,Bear,Bull,Below VWAP,-0.06290349279920467,Small (<0.2%)
2025-01-30,603.96,604.43,604.44,604.94,Bull,Bull,Above VWAP,0.14923888170332822,Small (<0.2%)
2025-01-31,607.5,607.775,607.76,608.11,Bull,Bull,Above VWAP,0.2657248015316334,Medium (0.2–0.5%)
2025-02-03,592.67,593.39,593.38,592.0361,Bull,Bear,Above VWAP,-1.0534575444923133,Large (>0.5%)
2025-02-04,597.83,598.22,598.215,598.995,Bull,Bull,Above VWAP,-0.43468123376191015,Medium (0.2–0.5%)
2025-02-05,600.64,600.89,600.86,600.12,Bull,Bear,Above VWAP,0.039973351099268674,Small (<0.2%)
2025-02-06,605.99,605.63,605.64,605.2699,Bear,Bear,Above VWAP,0.20670040017197475,Medium (0.2–0.5%)
2025-02-07,606.89,607.53,607.51,607.8103,Bull,Bull,Above VWAP,0.14851730226571022,Small (<0.2%)
2025-02-10,604.03,603.1046,603.09,603.49,Bear,Bull,Below VWAP,0.6331074143423926,Large (>0.5%)
2025-02-11,602.55,603.44,603.41,603.33,Bull,Bear,Above VWAP,-0.2367628067154647,Medium (0.2–0.5%)
2025-02-12,599.2,600.57,600.58,601.355,Bull,Bull,Above VWAP,-1.0094001420759446,Large (>0.5%)
2025-02-13,604.48,604.44,604.45,604.83,Bear,Bull,Above VWAP,-0.01819414810036779,Small (<0.2%)
2025-02-14,609.94,610.35,610.38,610.465,Bull,Bull,Above VWAP,0.04756827688018984,Small (<0.2%)
2025-02-18,610.88,610.1801,610.185,610.11,Bear,Bear,Below VWAP,0.1803929285972027,Small (<0.2%)
2025-02-19,610.08,610.04,610.04,609.92,Bear,Bear,Below VWAP,-0.30558052128441937,Medium (0.2–0.5%)
2025-02-20,611.54,610.545,610.545,608.3825,Bear,Bear,Below VWAP,-0.12412216233872136,Small (<0.2%)
2025-02-21,610.16,609.23,609.25,608.4701,Bear,Bear,Below VWAP,-0.037680827012241055,Small (<0.2%)
2025-02-24,602.02,601.06,601.08,598.76,Bear,Bear,Below VWAP,0.29654804744768304,Medium (0.2–0.5%)
2025-02-25,597.15,596.4,596.4,595.23,Bear,Bear,Below VWAP,-0.14714980853803244,Small (<0.2%)
2025-02-26,595.93,595.92,595.93,597.71,Bear,Bull,Below VWAP,-0.011744966442961413,Small (<0.2%)
2025-02-27,596.85,595.4699,595.48,592.435,Bear,Bear,Below VWAP,0.5373446080248045,Large (>0.5%)
2025-02-28,585.56,585.95,585.92,586.03,Bull,Bull,Above VWAP,0.11455145411957104,Small (<0.2%)
2025-03-03,596.18,594.86,594.84,593.05,Bear,Bear,Below VWAP,0.3163385495540965,Medium (0.2–0.5%)
2025-03-04,579.71,578.48,578.44,575.7,Bear,Bear,Below VWAP,-0.9719849675435498,Large (>0.5%)
2025-03-05,576.69,578.525,578.5,575.81,Bull,Bear,Above VWAP,-0.644349878538307,Large (>0.5%)
2025-03-06,575.48,573.63,573.65,574.423,Bear,Bull,Below VWAP,-1.103282350919395,Large (>0.5%)
2025-03-10,567.59,569.17,569.17,567.36,Bull,Bear,Above VWAP,-1.180423768650865,Large (>0.5%)
2025-03-11,559.4,560.7,560.68,559.79,Bull,Bear,Above VWAP,0.14680081635574785,Small (<0.2%)
2025-03-12,562.17,560.62,560.66,559.48,Bear,Bear,Below VWAP,0.7834349229114387,Large (>0.5%)
2025-03-13,558.49,557.075,557.13,555.03,Bear,Bear,Below VWAP,-0.3888205183084435,Medium (0.2–0.5%)
2025-03-14,556.11,558.215,558.21,558.44,Bull,Bull,Above VWAP,0.4008016032064177,Medium (0.2–0.5%)
2025-03-17,562.79,565.88,565.8996,565.65,Bull,Bear,Above VWAP,0.12631653857100816,Small (<0.2%)
2025-03-18,564.8,561.75,561.72,560.77,Bear,Bear,Below VWAP,-0.38449328018626117,Medium (0.2–0.5%)
2025-03-19,562.83,561.905,561.92,563.92,Bear,Bull,Below VWAP,0.29046690849376205,Medium (0.2–0.5%)
2025-03-20,563.33,565.17,565.21,566.61,Bull,Bull,Above VWAP,-0.9442588359416219,Large (>0.5%)
2025-03-21,559.28,559.57,559.69,559.841,Bull,Bull,Below VWAP,-1.1313816999010002,Large (>0.5%)
2025-03-24,570.8,572.04,572.02,572.74,Bull,Bull,Above VWAP,1.0265486725663635,Large (>0.5%)
2025-03-25,575.3,574.78,574.8,574.66,Bear,Bear,Below VWAP,0.25648791746378385,Medium (0.2–0.5%)
2025-03-26,575.19,575.8,575.805,573.63,Bull,Bear,Above VWAP,-0.1406249999999905,Small (<0.2%)
2025-03-27,567.18,565.5653,565.56,568.33,Bear,Bull,Below VWAP,-0.07751664846200884,Small (<0.2%)
2025-03-28,565.53,565.01,565.04,563.9399,Bear,Bear,Below VWAP,-0.18356072506487764,Small (<0.2%)
2025-03-31,549.83,547.4214,547.42,549.74,Bear,Bull,Below VWAP,-0.7795723179644386,Large (>0.5%)
2025-04-01,557.45,556.925,556.925,557.22,Bear,Bull,Below VWAP,0.08061026820419877,Small (<0.2%)
2025-04-02,555.05,558.815,558.8,558.73,Bull,Bear,Above VWAP,-1.197977856100256,Large (>0.5%)
2025-04-03,545.11,546.32,546.32,544.92,Bull,Bear,Above VWAP,0.05139217737642433,Small (<0.2%)
2025-04-04,523.67,520.22,520.22,523.18,Bear,Bull,Below VWAP,-2.3695887244118046,Large (>0.5%)
2025-04-07,489.19,483.865,483.84,495.69,Bear,Bull,Below VWAP,-3.2265084075173105,Large (>0.5%)
2025-04-08,521.86,519.6801,519.69,522.5925,Bear,Bull,Above VWAP,2.4198771416795952,Large (>0.5%)
2025-04-09,493.44,497.59,497.5301,499.85,Bull,Bull,Above VWAP,0.585751371118896,Large (>0.5%)
2025-04-10,532.17,530.11,530.1,529.0025,Bear,Bear,Below VWAP,-2.515112657995973,Large (>0.5%)
2025-04-11,523.01,525.57,525.61,526.4001,Bull,Bull,Above VWAP,0.17396993727466126,Small (<0.2%)
2025-04-14,544.05,540.7236,540.75,540.47,Bear,Bear,Below VWAP,1.8267233150536208,Large (>0.5%)
2025-04-15,539.675,541.7759,541.8,541.48,Bull,Bear,Above VWAP,0.5168560253305974,Large (>0.5%)
2025-04-16,531.68,532.53,532.59,529.92,Bull,Bear,Below VWAP,-0.3560853105438905,Medium (0.2–0.5%)
2025-04-17,527.64,527.49,527.51,528.74,Bear,Bull,Below VWAP,0.3213233197071852,Medium (0.2–0.5%)
2025-04-21,521.16,519.52,519.48,517.56,Bear,Bear,Below VWAP,-1.1269208878770733,Large (>0.5%)
2025-04-22,520.14,521.42,521.43,521.89,Bull,Bull,Above VWAP,0.7925588605755318,Large (>0.5%)
2025-04-23,540.43,542.7487,542.63,543.56,Bull,Bull,Above VWAP,0.7043697009223838,Large (>0.5%)
2025-04-24,536.715,537.78,537.77,539.48,Bull,Bull,Above VWAP,0.0027948574622668823,Small (<0.2%)
2025-04-25,546.65,546.42,546.43,544.88,Bear,Bear,Below VWAP,-0.31365683753670465,Medium (0.2–0.5%)
2025-04-28,551.39,553.11,553.12,550.29,Bull,Bear,Above VWAP,0.02902599640802717,Small (<0.2%)
2025-04-29,548.91,550.255,550.32,550.62,Bull,Bull,Above VWAP,-0.3973870440936408,Medium (0.2–0.5%)
2025-04-30,547.57,543.5725,543.56,541.94,Bear,Bear,Below VWAP,-0.9801262228973324,Large (>0.5%)
2025-05-01,560.37,559.98,560.0263,558.85,Bear,Bear,Below VWAP,0.19516215981840826,Small (<0.2%)
2025-05-02,564.73,564.71,564.74,563.62,Bear,Bear,Above VWAP,1.355037869270266,Large (>0.5%)
2025-05-05,562.57,562.535,562.51,562.99,Bear,Bull,Below VWAP,-0.7515480831995467,Large (>0.5%)
2025-05-06,557.93,559.18,559.24,557.4,Bull,Bear,Above VWAP,-0.8670776994012181,Large (>0.5%)
2025-05-07,560.15,561.01,561.0001,561.4599,Bull,Bull,Above VWAP,-0.5768548100816472,Large (>0.5%)
2025-05-08,565.24,564.815,564.84,564.1298,Bear,Bear,Below VWAP,0.7539972549508954,Large (>0.5%)
2025-05-09,566.48,566.21,566.25,567.0,Bear,Bull,Below VWAP,0.3827615537283754,Medium (0.2–0.5%)
2025-05-12,581.47,578.83,578.84,578.79,Bear,Bear,Below VWAP,2.9150442477876153,Large (>0.5%)
2025-05-13,583.41,584.39,584.39,585.28,Bull,Bull,Above VWAP,0.2198821569065282,Medium (0.2–0.5%)
2025-05-14,587.81,587.7799,587.79,587.5308,Bear,Bear,Below VWAP,0.09365528045498664,Small (<0.2%)
2025-05-15,585.56,586.23,586.23,586.14,Bull,Bear,Above VWAP,-0.09724805077372768,Small (<0.2%)
2025-05-16,591.25,590.31,590.34,591.36,Bear,Bull,Below VWAP,0.18130062014979328,Small (<0.2%)
2025-05-19,588.1,590.48,590.48,591.24,Bull,Bull,Above VWAP,-0.025499362515933235,Small (<0.2%)
2025-05-20,593.09,593.0,593.02,592.84,Bear,Bear,Below VWAP,-0.4113913423111683,Medium (0.2–0.5%)
2025-05-21,588.44,589.78,589.79,589.84,Bull,Bull,Above VWAP,-0.660082721364053,Large (>0.5%)
2025-05-22,582.66,582.49,582.69,584.18,Bear,Bull,Below VWAP,-0.07734376473776379,Small (<0.2%)
2025-05-23,575.98,577.1692,577.17,576.77,Bull,Bear,Above VWAP,-1.222753854332801,Large (>0.5%)
2025-05-27,586.07,585.6001,585.6,586.13,Bear,Bull,Below VWAP,1.2210708117443954,Large (>0.5%)
2025-05-28,591.56,592.435,592.445,590.7885,Bull,Bear,Above VWAP,0.04397091155081869,Small (<0.2%)
2025-05-29,593.06,591.03,591.02,591.2308,Bear,Bull,Below VWAP,-0.5948619615192013,Large (>0.5%)
2025-05-30,588.93,587.75,587.73,587.09,Bear,Bear,Below VWAP,0.14113246046589478,Small (<0.2%)
2025-06-02,587.76,589.26,589.29,586.8499,Bull,Bear,Above VWAP,-0.10892233509499863,Small (<0.2%)
2025-06-03,592.34,593.05,593.04,592.395,Bull,Bear,Above VWAP,0.14539798471630716,Small (<0.2%)
2025-06-04,596.96,597.44,597.38,597.565,Bull,Bull,Above VWAP,0.11039713621478085,Small (<0.2%)
2025-06-05,597.63,595.87,595.85,594.2897,Bear,Bear,Below VWAP,0.3610532679519005,Medium (0.2–0.5%)
2025-06-06,598.66,600.41,600.415,600.3,Bull,Bear,Above VWAP,0.9834185179562315,Large (>0.5%)
2025-06-09,599.72,599.17,599.17,598.895,Bear,Bear,Below VWAP,-0.0016674170043170934,Small (<0.2%)
2025-06-10,600.22,600.5099,600.51,600.57,Bull,Bull,Above VWAP,0.056678002267125396,Small (<0.2%)
2025-06-11,604.19,603.2,603.19,603.65,Bear,Bull,Below VWAP,0.24722083955533583,Medium (0.2–0.5%)
2025-06-12,600.01,600.7,600.7,600.7699,Bull,Bull,Above VWAP,-0.07985152113401317,Small (<0.2%)
2025-06-13,598.5,599.68,599.69,598.15,Bull,Bear,Above VWAP,-0.2815775004581973,Medium (0.2–0.5%)
2025-06-16,600.4,601.36,601.37,603.05,Bull,Bull,Above VWAP,0.4870374399571487,Medium (0.2–0.5%)
2025-06-17,600.21,599.99,600.0,600.865,Bear,Bull,Below VWAP,0.21204127291548097,Medium (0.2–0.5%)
2025-06-18,598.44,598.18,598.17,599.12,Bear,Bull,Above VWAP,0.37571284803757277,Medium (0.2–0.5%)
2025-06-20,598.38,599.3393,599.33,597.35,Bull,Bear,Above VWAP,0.18249091730985484,Small (<0.2%)
2025-06-23,595.04,595.47,595.52,596.65,Bull,Bull,Above VWAP,-0.045354521173839146,Small (<0.2%)
2025-06-24,604.33,604.97,604.97,604.05,Bull,Bear,Above VWAP,0.16435221096486852,Small (<0.2%)
2025-06-25,607.91,608.29,608.29,608.16,Bull,Bear,Above VWAP,0.14661790385819023,Small (<0.2%)
2025-06-26,608.99,609.27,609.28,609.12,Bull,Bear,Above VWAP,0.3129684231333043,Medium (0.2–0.5%)
2025-06-27,612.88,613.6352,613.635,614.36,Bull,Bull,Above VWAP,0.12772460366653188,Small (<0.2%)
2025-06-30,617.38,616.39,616.41,616.433,Bear,Bull,Below VWAP,0.6439202516994679,Large (>0.5%)
2025-07-01,616.36,616.62,616.64,617.27,Bull,Bull,Above VWAP,-0.2185491573715858,Medium (0.2–0.5%)
2025-07-02,617.24,617.135,617.135,617.3093,Bear,Bull,Below VWAP,-0.11150148318010071,Small (<0.2%)
2025-07-03,622.45,623.46,623.47,624.07,Bull,Bull,Above VWAP,0.29486642389868856,Medium (0.2–0.5%)
2025-07-07,623.36,623.45,623.46,623.6526,Bull,Bull,Below VWAP,-0.2639957760675793,Medium (0.2–0.5%)
2025-07-08,621.35,621.085,621.08,620.66,Bear,Bear,Below VWAP,0.21774193548387463,Medium (0.2–0.5%)
2025-07-09,622.77,624.06,624.06,624.245,Bull,Bull,Above VWAP,0.4046528222595676,Medium (0.2–0.5%)
2025-07-10,624.2,623.845,623.845,623.395,Bear,Bear,Below VWAP,0.08356865745637364,Small (<0.2%)
2025-07-11,622.74,621.83,621.82,623.23,Bear,Bull,Below VWAP,-0.5700052689562575,Large (>0.5%)
2025-07-14,623.16,621.94,621.93,622.67,Bear,Bull,Below VWAP,0.01926040061633355,Small (<0.2%)
2025-07-15,627.52,626.345,626.345,625.65,Bear,Bear,Below VWAP,0.5447670319810256,Large (>0.5%)
2025-07-16,623.74,623.1499,623.16,622.1101,Bear,Bear,Below VWAP,0.43475460517841774,Medium (0.2–0.5%)
2025-07-17,624.4,625.575,625.58,625.78,Bull,Bull,Above VWAP,0.19577008248018668,Small (<0.2%)
2025-07-18,629.3,628.6,628.6,628.64,Bear,Bull,Below VWAP,0.09384294825912076,Small (<0.2%)
2025-07-21,628.77,629.46,629.455,630.57,Bull,Bull,Above VWAP,0.13855709507883493,Small (<0.2%)
2025-07-22,629.1,628.97,628.98,626.88,Bear,Bear,Above VWAP,0.0063586939242802456,Small (<0.2%)
2025-07-23,631.55,630.76,630.76,629.9992,Bear,Bear,Below VWAP,0.16494583749662395,Small (<0.2%)
2025-07-24,634.6,634.58,634.56,635.065,Bear,Bull,Above VWAP,-0.009375105863846244,Small (<0.2%)
2025-07-25,635.09,635.2993,635.3,635.24,Bull,Bear,Above VWAP,-0.05507994460531643,Small (<0.2%)
2025-07-28,637.48,637.34,637.34,637.45,Bear,Bull,Below VWAP,0.003168827273507332,Small (<0.2%)
2025-07-29,638.35,638.055,638.06,637.93,Bear,Bear,Below VWAP,0.15218550942923018,Small (<0.2%)
2025-07-30,635.92,636.02,636.01,635.735,Bull,Bear,Above VWAP,0.07553820974441403,Small (<0.2%)
2025-07-31,639.455,638.135,638.15,639.34,Bear,Bull,Below VWAP,0.0790359183034659,Small (<0.2%)
2025-08-01,626.3,622.282,622.31,621.4815,Bear,Bear,Below VWAP,-0.757431704379807,Large (>0.5%)
2025-08-04,625.67,627.775,627.77,629.01,Bull,Bull,Above VWAP,0.7147111375818844,Large (>0.5%)
2025-08-05,631.79,631.95,631.99,631.9,Bull,Bear,Above VWAP,0.0,Small (<0.2%)
2025-08-06,629.05,629.065,629.035,628.93,Bull,Bear,Above VWAP,0.2901646923775866,Medium (0.2–0.5%)
2025-08-07,636.24,636.2,636.2,636.48,Bear,Bull,Below VWAP,0.4166666666666645,Medium (0.2–0.5%)
2025-08-08,634.06,634.64,634.64,635.8492,Bull,Bull,Above VWAP,0.12000631612189973,Small (<0.2%)
2025-08-11,637.46,637.59,637.59,637.69,Bull,Bull,Above VWAP,-0.17851550266207114,Small (<0.2%)
2025-08-12,638.29,638.17,638.18,637.34,Bear,Bear,Below VWAP,0.4026866751608301,Medium (0.2–0.5%)
2025-08-13,644.91,645.53,645.54,645.62,Bull,Bull,Above VWAP,0.2876869965477596,Medium (0.2–0.5%)
2025-08-14,642.79,643.37,643.37,644.02,Bull,Bull,Above VWAP,-0.29935475865492983,Medium (0.2–0.5%)
2025-08-15,645.99,645.2,645.2,644.1,Bear,Bear,Below VWAP,0.12865025730052096,Small (<0.2%)
2025-08-18,642.86,643.2,643.19,642.73,Bull,Bear,Above VWAP,-0.057428967021725286,Small (<0.2%)
2025-08-19,643.12,642.83,642.84,642.87,Bear,Bull,Above VWAP,-0.06681687514566856,Small (<0.2%)
2025-08-20,639.4,638.17,638.17,635.39,Bear,Bear,Below VWAP,0.028159319170230904,Small (<0.2%)
2025-08-21,636.28,635.95,636.03,635.13,Bear,Bear,Below VWAP,-0.23830358079391464,Medium (0.2–0.5%)
2025-08-22,637.76,639.41,639.4,638.41,Bull,Bear,Above VWAP,0.1869393782301932,Small (<0.2%)
2025-08-25,644.04,644.125,644.13,644.34,Bull,Bull,Above VWAP,-0.226181254841214,Medium (0.2–0.5%)
2025-08-26,642.2,642.74,642.73,642.555,Bull,Bear,Above VWAP,-0.12597004712212026,Small (<0.2%)
2025-08-27,644.57,645.3601,645.39,645.35,Bull,Bear,Above VWAP,-0.17654984435737192,Small (<0.2%)
2025-08-28,647.24,647.19,647.19,645.94,Bear,Bear,Below VWAP,0.3753140993322396,Medium (0.2–0.5%)
2025-08-29,647.47,647.0051,647.01,645.51,Bear,Bear,Below VWAP,-0.18191628767439297,Small (<0.2%)
2025-09-02,637.5,637.095,637.07,639.07,Bear,Bull,Below VWAP,-1.1551283045197374,Large (>0.5%)
2025-09-03,642.67,643.0,643.02,641.94,Bull,Bear,Above VWAP,0.23238404192270642,Medium (0.2–0.5%)
2025-09-04,644.42,645.05,645.04,644.85,Bull,Bear,Above VWAP,0.16164630544934,Small (<0.2%)
2025-09-05,651.48,652.06,652.06,651.065,Bull,Bear,Above VWAP,0.31102762294829267,Medium (0.2–0.5%)
2025-09-08,648.62,648.65,648.64,648.37,Bull,Bear,Above VWAP,0.41179020372778,Medium (0.2–0.5%)
2025-09-09,648.97,649.28,649.28,649.02,Bull,Bear,Above VWAP,-0.02772856812754371,Small (<0.2%)
2025-09-10,653.62,653.34,653.34,653.5971,Bear,Bull,Above VWAP,0.38857915188375997,Medium (0.2–0.5%)
2025-09-11,654.18,653.87,653.87,655.57,Bear,Bull,Below VWAP,0.19911775517705466,Small (<0.2%)
2025-09-12,657.6,657.4425,657.445,657.99,Bear,Bull,Above VWAP,-0.01064363586600215,Small (<0.2%)
2025-09-15,659.64,659.615,659.63,660.65,Bear,Bull,Below VWAP,0.36363636363636154,Medium (0.2–0.5%)
2025-09-16,661.47,660.791,660.79,660.28,Bear,Bear,Below VWAP,0.11654306039049216,Small (<0.2%)
2025-09-17,660.01,659.865,659.86,659.88,Bear,Bull,Below VWAP,-0.04391943056186031,Small (<0.2%)
2025-09-18,661.89,660.77,660.77,662.06,Bear,Bull,Below VWAP,0.06046954602487978,Small (<0.2%)
2025-09-19,662.33,661.62,661.63,662.15,Bear,Bull,Below VWAP,-0.16279525481978374,Small (<0.2%)
2025-09-22,662.2,662.615,662.61,663.41,Bull,Bull,Above VWAP,-0.19141784858395733,Small (<0.2%)
2025-09-23,666.72,666.8992,666.7975,666.89,Bull,Bull,Above VWAP,0.0,Small (<0.2%)
2025-09-24,664.51,663.57,663.58,663.04,Bear,Bear,Below VWAP,0.14467636199231956,Small (<0.2%)
2025-09-25,657.94,655.29,655.28,655.64,Bear,Bull,Below VWAP,-0.5697359870638168,Large (>0.5%)
2025-09-26,659.51,661.03,661.025,661.79,Bull,Bull,Above VWAP,0.2553851298967742,Medium (0.2–0.5%)
2025-09-29,664.36,664.4106,664.405,664.525,Bull,Bull,Below VWAP,0.3398226880729788,Medium (0.2–0.5%)
2025-09-30,662.93,663.07,663.08,663.08,Bull,Doji,Above VWAP,-0.05879515166135501,Small (<0.2%)
2025-10-01,663.17,665.26,665.25,663.735,Bull,Bear,Above VWAP,-0.22717698742251774,Medium (0.2–0.5%)
2025-10-02,670.45,669.045,669.04,669.42,Bear,Bull,Below VWAP,0.322987797989351,Medium (0.2–0.5%)
2025-10-03,669.99,670.84,670.78,670.8899,Bull,Bull,Above VWAP,0.0806632310105256,Small (<0.2%)
2025-10-06,671.62,670.32,670.32,670.015,Bear,Bear,Below VWAP,0.3076647350498924,Medium (0.2–0.5%)
2025-10-07,672.54,672.61,672.61,672.23,Bull,Bear,Above VWAP,0.27733047056718757,Medium (0.2–0.5%)
2025-10-08,670.25,669.73,669.73,670.28,Bear,Bull,Below VWAP,0.20931449502877733,Medium (0.2–0.5%)
2025-10-09,673.53,672.72,672.73,671.915,Bear,Bear,Below VWAP,-0.03710409926088634,Small (<0.2%)
2025-10-10,672.13,673.55,673.56,673.01,Bull,Bear,Above VWAP,0.025299124947907477,Small (<0.2%)
2025-10-13,660.65,661.09,661.08,662.8788,Bull,Bull,Above VWAP,1.3033811239745456,Large (>0.5%)
2025-10-14,657.17,653.76,653.77,656.82,Bear,Bull,Below VWAP,-0.8314722037785947,Large (>0.5%)
2025-10-15,666.82,667.19,667.2,668.31,Bull,Bull,Above VWAP,0.6376444132539518,Large (>0.5%)
2025-10-16,666.82,667.29,667.29,666.635,Bull,Bear,Above VWAP,0.2569495918726438,Medium (0.2–0.5%)
2025-10-17,659.5,658.65,658.64,660.68,Bear,Bull,Below VWAP,0.08194731091416226,Small (<0.2%)
2025-10-20,667.32,668.69,668.69,668.74,Bull,Bull,Above VWAP,0.30663780663781826,Medium (0.2–0.5%)
2025-10-21,671.44,671.15,671.15,670.57,Bear,Bear,Below VWAP,-0.04610348169860099,Small (<0.2%)
2025-10-22,672.0,671.7848,671.76,671.27,Bear,Bear,Above VWAP,0.1445538947588077,Small (<0.2%)
2025-10-23,668.12,669.535,669.53,669.96,Bull,Bull,Above VWAP,0.19651786656940132,Small (<0.2%)
2025-10-24,676.46,677.34,677.25,677.29,Bull,Bull,Above VWAP,0.6187713818236028,Large (>0.5%)
2025-10-27,682.73,682.75,682.76,683.08,Bull,Bull,Above VWAP,0.8017126827107727,Large (>0.5%)
2025-10-28,687.05,685.98,685.98,685.6201,Bear,Bear,Below VWAP,0.2129552648084019,Medium (0.2–0.5%)
2025-10-29,688.72,689.23,689.24,689.57,Bull,Bull,Above VWAP,0.20952159236410992,Medium (0.2–0.5%)
2025-10-30,683.9,682.43,682.42,685.005,Bear,Bull,Below VWAP,-0.41209791329926476,Medium (0.2–0.5%)
2025-10-31,685.04,683.295,683.27,683.47,Bear,Bull,Below VWAP,0.08181393174379754,Small (<0.2%)
2025-11-03,685.67,683.17,683.16,682.53,Bear,Bear,Below VWAP,0.5749760799448338,Large (>0.5%)
2025-11-04,676.11,676.995,676.99,678.6817,Bull,Bull,Above VWAP,-0.8476440481602565,Large (>0.5%)
2025-11-05,674.98,674.46,674.47,677.28,Bear,Bull,Below VWAP,0.39415168146594337,Medium (0.2–0.5%)
2025-11-06,676.47,675.98,675.98,674.1404,Bear,Bear,Below VWAP,-0.11958128389753933,Small (<0.2%)
2025-11-07,667.91,665.4303,665.45,666.25,Bear,Bull,Below VWAP,-0.5967972377663994,Large (>0.5%)
2025-11-10,677.235,678.77,678.78,678.545,Bull,Bear,Above VWAP,0.7250580046403712,Large (>0.5%)
2025-11-11,679.95,680.0468,680.045,680.7,Bull,Bull,Below VWAP,-0.2508581991021804,Medium (0.2–0.5%)
2025-11-12,684.79,684.16,684.16,683.735,Bear,Bear,Below VWAP,0.21512614880289083,Medium (0.2–0.5%)
2025-11-13,680.5,677.77,677.78,678.8,Bear,Bull,Below VWAP,-0.2320100574343986,Medium (0.2–0.5%)
2025-11-14,665.38,666.72,666.7,668.69,Bull,Bull,Above VWAP,-1.0734463276836197,Large (>0.5%)
2025-11-17,669.7,671.985,671.99,672.76,Bull,Bull,Above VWAP,-0.5405887070425025,Large (>0.5%)
2025-11-18,662.095,661.85,661.85,658.65,Bear,Bear,Below VWAP,-0.48173756200209344,Medium (0.2–0.5%)
2025-11-19,660.78,663.015,663.0,665.67,Bull,Bull,Above VWAP,0.12576710356844112,Small (<0.2%)
2025-11-20,672.91,673.635,673.62,674.91,Bull,Bull,Above VWAP,0.4272085187990336,Medium (0.2–0.5%)
2025-11-21,655.05,654.34,654.35,654.52,Bear,Bull,Below VWAP,0.09955707416810121,Small (<0.2%)
2025-11-24,662.69,662.89,662.88,664.04,Bull,Bull,Below VWAP,0.38666186968624094,Medium (0.2–0.5%)
2025-11-25,668.63,667.3842,667.365,668.87,Bear,Bull,Below VWAP,-0.08384749886841147,Small (<0.2%)
2025-11-26,677.63,678.79,678.79,677.31,Bull,Bear,Above VWAP,0.2516536500135402,Medium (0.2–0.5%)
2025-11-28,680.86,681.27,681.26,681.24,Bull,Bear,Above VWAP,0.0721225957726283,Small (<0.2%)
2025-12-01,678.81,679.25,679.26,681.45,Bull,Bull,Below VWAP,-0.6919858384293558,Large (>0.5%)
2025-12-02,681.92,682.41,682.44,682.33,Bull,Bear,Above VWAP,0.2720308203567146,Medium (0.2–0.5%)
2025-12-03,680.57,680.881,680.9,680.87,Bull,Bear,Below VWAP,-0.2681711606096025,Medium (0.2–0.5%)
2025-12-04,685.3,683.8599,683.84,683.045,Bear,Bear,Below VWAP,0.2530830785435148,Medium (0.2–0.5%)
2025-12-05,685.47,685.83,685.84,686.895,Bull,Bull,Above VWAP,0.10514786418401274,Small (<0.2%)
2025-12-08,686.59,685.92,685.92,685.44,Bear,Bear,Below VWAP,0.09038296135399573,Small (<0.2%)
2025-12-09,683.15,683.7,683.7,684.44,Bull,Bull,Above VWAP,-0.22346205526668997,Medium (0.2–0.5%)
2025-12-10,682.56,682.666,682.66,683.12,Bull,Bull,Above VWAP,0.008791208791200796,Small (<0.2%)
2025-12-11,685.14,685.585,685.595,682.62,Bull,Bear,Above VWAP,-0.08467005366325643,Small (<0.2%)
2025-12-12,688.17,687.94,687.94,687.49,Bear,Bear,Below VWAP,-0.04502672554032929,Small (<0.2%)
2025-12-15,685.74,683.62,683.62,682.43,Bear,Bear,Below VWAP,0.5649906421500166,Large (>0.5%)
2025-12-16,679.23,678.6501,678.73,680.79,Bear,Bull,Below VWAP,-0.03679284158474127,Small (<0.2%)
2025-12-17,679.89,678.52,678.52,679.26,Bear,Bull,Below VWAP,0.3246322064660732,Medium (0.2–0.5%)
2025-12-18,677.6,676.28,676.28,678.06,Bear,Bull,Below VWAP,0.7089457961149148,Large (>0.5%)
2025-12-19,676.59,679.41,679.41,679.82,Bull,Bull,Above VWAP,0.023653593128643298,Small (<0.2%)
2025-12-22,683.94,683.23,683.22,683.97,Bear,Bull,Below VWAP,0.3653236735463575,Medium (0.2–0.5%)
2025-12-23,683.92,685.775,685.78,685.41,Bull,Bear,Above VWAP,-0.16639420873999652,Small (<0.2%)
2025-12-24,687.95,688.275,688.29,688.6,Bull,Bull,Above VWAP,0.03988798789895285,Small (<0.2%)
2025-12-26,690.64,691.55,691.55,690.77,Bull,Bear,Above VWAP,0.15662161378270797,Small (<0.2%)
2025-12-29,687.54,688.43,688.44,687.56,Bull,Bear,Above VWAP,-0.3435230682262911,Medium (0.2–0.5%)
2025-12-30,687.445,687.12,687.13,688.09,Bear,Bull,Below VWAP,0.015276282480288967,Small (<0.2%)
2025-12-31,687.14,685.855,685.85,685.96,Bear,Bull,Below VWAP,0.18808777429466553,Small (<0.2%)
